week_start_date,location_id,location_name,region,location_type,activity_year,activity_quarter,activity_month,iso_week_number,transaction_count,session_count,unique_player_count,active_machine_count,total_wager,total_payout,jackpot_amount,net_gaming_revenue,event_count,downtime_minutes,critical_event_count,revenue_lag_1_week,revenue_lag_2_weeks,revenue_lag_4_weeks,previous_4_week_average_revenue,previous_8_week_average_revenue,previous_4_week_average_sessions
2025-01-26,LOC0001,North Judithbury Gaming Center,Northeast,Casino,2025,1,1,4,204,45,45,10,5936.23,5381.97,1734.31,554.26,16,488,1,449.24,547.02,62.99,326.0,326.0,35.75
2025-01-26,LOC0002,North Jefferyhaven Gaming Center,Midwest,Bar,2025,1,1,4,158,43,43,11,3794.1,3378.72,0.0,415.38,29,893,0,224.71,175.25,34.74,160.62,160.62,29.5
2025-01-26,LOC0003,Lake Roberto Gaming Center,Southeast,Bar,2025,1,1,4,126,29,29,7,3128.57,2814.32,0.0,314.25,21,543,0,254.31,242.57,40.32,214.35,214.35,25.5
2025-01-26,LOC0004,Lake Stephenville Gaming Center,Northeast,Entertainment Center,2025,1,1,4,185,43,43,10,3773.99,3415.03,0.0,358.96,19,409,0,192.22,296.5,76.46,218.84,218.84,29.0
2025-01-26,LOC0005,North Donnaport Gaming Center,Northeast,Entertainment Center,2025,1,1,4,42,15,15,4,1070.67,961.12,0.0,109.55,2,69,0,106.14,133.73,7.86,73.82,73.82,13.25
2025-01-26,LOC0006,Jasonview Gaming Center,Southwest,Casino,2025,1,1,4,215,48,48,12,5770.44,5280.56,1889.4,489.88,21,241,1,423.37,718.67,100.89,403.41,403.41,42.25
2025-01-26,LOC0007,Meganton Gaming Center,Northeast,Casino,2025,1,1,4,251,61,60,15,6261.31,5693.45,1952.74,567.86,33,586,0,586.26,494.28,133.57,405.11,405.11,47.25
2025-01-26,LOC0008,Lake Victor Gaming Center,Southeast,Bar,2025,1,1,4,180,49,47,9,5617.6,5131.94,0.0,485.66,21,348,0,213.14,249.9,13.16,167.37,167.37,27.5
2025-01-26,LOC0009,Coxberg Gaming Center,West,Entertainment Center,2025,1,1,4,107,31,31,8,3027.74,2688.81,0.0,338.93,25,496,0,413.69,221.9,73.83,232.03,232.03,28.0
2025-01-26,LOC0010,South Patrickmouth Gaming Center,Northeast,Entertainment Center,2025,1,1,4,114,26,26,5,3592.69,3250.88,1611.8,341.81,13,188,0,183.69,168.18,40.78,140.72,140.72,17.75
2025-02-02,LOC0001,North Judithbury Gaming Center,Northeast,Casino,2025,1,2,5,197,46,46,10,5024.03,4659.65,1080.77,364.38,22,380,0,554.26,449.24,244.75,448.82,371.65,42.75
2025-02-02,LOC0002,North Jefferyhaven Gaming Center,Midwest,Bar,2025,1,2,5,148,44,44,11,2815.1,2604.55,0.0,210.55,27,445,0,415.38,224.71,207.76,255.78,211.57,38.0
2025-02-02,LOC0003,Lake Roberto Gaming Center,Southeast,Bar,2025,1,2,5,142,39,38,8,4926.42,4454.23,0.0,472.19,18,461,0,314.25,254.31,320.19,282.83,234.33,31.0
2025-02-02,LOC0004,Lake Stephenville Gaming Center,Northeast,Entertainment Center,2025,1,2,5,132,33,33,10,4006.64,3614.08,0.0,392.56,16,424,0,358.96,192.22,310.16,289.46,246.86,36.75
2025-02-02,LOC0005,North Donnaport Gaming Center,Northeast,Entertainment Center,2025,1,2,5,105,23,23,4,3462.47,3249.93,0.0,212.54,9,276,0,109.55,106.14,47.55,99.24,80.97,15.75
2025-02-02,LOC0006,Jasonview Gaming Center,Southwest,Casino,2025,1,2,5,207,42,42,12,4429.08,4066.62,0.0,362.46,28,456,0,489.88,423.37,370.7,500.66,420.7,50.5
2025-02-02,LOC0007,Meganton Gaming Center,Northeast,Casino,2025,1,2,5,192,60,60,14,4393.92,3944.15,0.0,449.77,34,826,0,567.86,586.26,406.34,513.69,437.66,56.75
2025-02-02,LOC0008,Lake Victor Gaming Center,Southeast,Bar,2025,1,2,5,126,32,31,9,4288.37,3973.43,345.11,314.94,21,469,0,485.66,213.14,193.27,285.49,231.03,38.0
2025-02-02,LOC0009,Coxberg Gaming Center,West,Entertainment Center,2025,1,2,5,149,38,37,8,4293.68,3969.37,0.0,324.31,25,392,0,338.93,413.69,218.69,298.3,253.41,33.25
2025-02-02,LOC0010,South Patrickmouth Gaming Center,Northeast,Entertainment Center,2025,1,2,5,92,22,22,5,1916.9,1739.91,0.0,176.99,14,363,0,341.81,183.69,170.21,215.97,180.93,21.5
2025-02-09,LOC0001,North Judithbury Gaming Center,Northeast,Casino,2025,1,2,6,172,42,42,10,3654.18,3348.99,0.0,305.19,22,298,0,364.38,554.26,547.02,478.73,370.44,44.0
2025-02-09,LOC0002,North Jefferyhaven Gaming Center,Midwest,Bar,2025,1,2,6,216,49,48,11,7746.94,6913.48,0.0,833.46,26,559,0,210.55,415.38,175.25,256.47,211.4,39.25
2025-02-09,LOC0003,Lake Roberto Gaming Center,Southeast,Bar,2025,1,2,6,107,33,33,8,2173.5,1976.29,0.0,197.21,17,862,0,472.19,314.25,242.57,320.83,273.97,34.0
2025-02-09,LOC0004,Lake Stephenville Gaming Center,Northeast,Entertainment Center,2025,1,2,6,123,36,36,9,2994.01,2758.61,0.0,235.4,22,811,2,392.56,358.96,296.5,310.06,271.14,36.75
2025-02-09,LOC0005,North Donnaport Gaming Center,Northeast,Entertainment Center,2025,1,2,6,78,19,19,4,3131.88,2832.51,0.0,299.37,6,72,0,212.54,109.55,133.73,140.49,102.9,18.75
2025-02-09,LOC0006,Jasonview Gaming Center,Southwest,Casino,2025,1,2,6,197,53,53,12,4701.69,4293.0,0.0,408.69,32,362,0,362.46,489.88,718.67,498.6,411.0,49.5
2025-02-09,LOC0007,Meganton Gaming Center,Northeast,Casino,2025,1,2,6,223,58,55,15,4944.45,4504.2,0.0,440.25,36,555,0,449.77,567.86,494.28,524.54,439.68,58.5
2025-02-09,LOC0008,Lake Victor Gaming Center,Southeast,Bar,2025,1,2,6,156,39,38,9,3840.24,3445.45,0.0,394.79,29,769,1,314.94,485.66,249.9,315.91,245.01,40.25
2025-02-09,LOC0009,Coxberg Gaming Center,West,Entertainment Center,2025,1,2,6,171,41,41,8,3504.41,3189.1,654.51,315.31,18,188,0,324.31,338.93,221.9,324.71,265.23,34.5
2025-02-09,LOC0010,South Patrickmouth Gaming Center,Northeast,Entertainment Center,2025,1,2,6,93,24,24,5,2770.18,2473.02,0.0,297.16,16,362,0,176.99,341.81,168.18,217.67,180.28,22.5
2025-02-16,LOC0001,North Judithbury Gaming Center,Northeast,Casino,2025,1,2,7,164,43,42,10,5865.3,5342.58,0.0,522.72,25,559,0,305.19,364.38,449.24,418.27,361.12,41.25
2025-02-16,LOC0002,North Jefferyhaven Gaming Center,Midwest,Bar,2025,1,2,7,171,43,43,11,3952.55,3582.35,0.0,370.2,27,668,1,833.46,210.55,224.71,421.03,300.26,44.0
2025-02-16,LOC0003,Lake Roberto Gaming Center,Southeast,Bar,2025,1,2,7,163,34,34,8,5046.49,4573.8,1514.39,472.69,16,548,1,197.21,472.19,254.31,309.49,263.01,33.75
2025-02-16,LOC0004,Lake Stephenville Gaming Center,Northeast,Entertainment Center,2025,1,2,7,87,24,24,9,2584.05,2295.04,0.0,289.01,23,737,3,235.4,392.56,192.22,294.79,266.04,35.0
2025-02-16,LOC0005,North Donnaport Gaming Center,Northeast,Entertainment Center,2025,1,2,7,75,18,17,4,1405.47,1291.08,0.0,114.39,10,228,0,299.37,212.54,106.14,181.9,130.96,18.25
2025-02-16,LOC0006,Jasonview Gaming Center,Southwest,Casino,2025,1,2,7,227,51,51,11,5060.14,4661.52,0.0,398.62,17,203,0,408.69,362.46,423.37,421.1,410.67,47.75
2025-02-16,LOC0007,Meganton Gaming Center,Northeast,Casino,2025,1,2,7,236,67,67,15,6269.34,5757.4,0.0,511.94,31,435,0,440.25,449.77,586.26,511.04,439.76,57.75
2025-02-16,LOC0008,Lake Victor Gaming Center,Southeast,Bar,2025,1,2,7,101,32,32,9,2509.66,2269.72,0.0,239.94,16,692,0,394.79,314.94,213.14,352.13,266.41,39.25
2025-02-16,LOC0009,Coxberg Gaming Center,West,Entertainment Center,2025,1,2,7,78,28,28,8,1596.97,1483.52,0.0,113.45,19,446,0,315.31,324.31,413.69,348.06,272.38,35.5
2025-02-16,LOC0010,South Patrickmouth Gaming Center,Northeast,Entertainment Center,2025,1,2,7,25,10,10,5,721.03,657.04,0.0,63.99,12,148,0,297.16,176.99,183.69,249.91,196.97,23.0
2025-02-23,LOC0001,North Judithbury Gaming Center,Northeast,Casino,2025,1,2,8,212,56,55,10,4968.98,4509.42,0.0,459.56,28,596,1,522.72,305.19,554.26,436.64,381.32,44.0
2025-02-23,LOC0002,North Jefferyhaven Gaming Center,Midwest,Bar,2025,1,2,8,226,48,48,11,5440.64,4925.33,1301.89,515.31,29,723,0,370.2,833.46,415.38,457.4,309.01,44.75
2025-02-23,LOC0003,Lake Roberto Gaming Center,Southeast,Bar,2025,1,2,8,148,31,31,8,3586.39,3256.18,0.0,330.21,18,680,1,472.69,197.21,314.25,364.09,289.22,33.75
2025-02-23,LOC0004,Lake Stephenville Gaming Center,Northeast,Entertainment Center,2025,1,2,8,133,34,34,10,4498.27,4035.42,0.0,462.85,22,713,1,289.01,235.4,358.96,318.98,268.91,34.0
2025-02-23,LOC0005,North Donnaport Gaming Center,Northeast,Entertainment Center,2025,1,2,8,79,15,15,4,1299.48,1189.29,0.0,110.19,5,172,0,114.39,299.37,109.55,183.96,128.89,18.75
2025-02-23,LOC0006,Jasonview Gaming Center,Southwest,Casino,2025,1,2,8,185,47,46,12,4081.44,3762.18,0.0,319.26,21,219,0,398.62,408.69,489.88,414.91,409.16,48.5
2025-02-23,LOC0007,Meganton Gaming Center,Northeast,Casino,2025,1,2,8,220,62,61,15,5221.27,4842.71,0.0,378.56,41,997,0,511.94,440.25,567.86,492.46,448.78,61.5
2025-02-23,LOC0008,Lake Victor Gaming Center,Southeast,Bar,2025,1,2,8,135,37,37,9,2652.18,2421.37,0.0,230.81,34,708,0,239.94,394.79,485.66,358.83,263.1,38.0
2025-02-23,LOC0009,Coxberg Gaming Center,West,Entertainment Center,2025,1,2,8,185,36,36,8,4837.18,4448.26,0.0,388.92,18,390,0,113.45,315.31,338.93,273.0,252.51,34.5
2025-02-23,LOC0010,South Patrickmouth Gaming Center,Northeast,Entertainment Center,2025,1,2,8,84,21,21,4,2019.33,1825.27,0.0,194.06,19,460,0,63.99,297.16,341.81,219.99,180.35,20.5
2025-03-02,LOC0001,North Judithbury Gaming Center,Northeast,Casino,2025,1,3,9,183,46,46,10,5560.79,5102.62,0.0,458.17,20,556,0,459.56,522.72,364.38,412.96,430.89,46.75
2025-03-02,LOC0002,North Jefferyhaven Gaming Center,Midwest,Bar,2025,1,3,9,152,46,46,11,4760.14,4312.22,0.0,447.92,33,754,0,515.31,370.2,210.55,482.38,369.08,46.0
2025-03-02,LOC0003,Lake Roberto Gaming Center,Southeast,Bar,2025,1,3,9,111,31,31,7,3705.98,3385.38,0.0,320.6,24,421,0,330.21,472.69,472.19,368.08,325.45,34.25
2025-03-02,LOC0004,Lake Stephenville Gaming Center,Northeast,Entertainment Center,2025,1,3,9,188,46,45,10,5399.66,4962.49,423.0,437.17,37,1060,0,462.85,289.01,392.56,344.96,317.21,31.75
2025-03-02,LOC0005,North Donnaport Gaming Center,Northeast,Entertainment Center,2025,1,3,9,58,15,15,4,1372.74,1241.45,0.0,131.29,5,69,0,110.19,114.39,212.54,184.12,141.68,18.75
2025-03-02,LOC0006,Jasonview Gaming Center,Southwest,Casino,2025,1,3,9,198,45,45,12,6463.44,5878.47,0.0,584.97,28,348,0,319.26,398.62,362.46,372.26,436.46,48.25
2025-03-02,LOC0007,Meganton Gaming Center,Northeast,Casino,2025,1,3,9,256,63,61,14,5994.93,5398.31,0.0,596.62,44,1177,1,378.56,511.94,449.77,445.13,479.41,61.75
2025-03-02,LOC0008,Lake Victor Gaming Center,Southeast,Bar,2025,1,3,9,115,33,32,8,3820.73,3442.73,0.0,378.0,27,1027,0,230.81,239.94,314.94,295.12,290.31,35.0
2025-03-02,LOC0009,Coxberg Gaming Center,West,Entertainment Center,2025,1,3,9,122,34,31,8,3449.08,3118.81,0.0,330.27,21,389,0,388.92,113.45,324.31,285.5,291.9,35.75
2025-03-02,LOC0010,South Patrickmouth Gaming Center,Northeast,Entertainment Center,2025,1,3,9,36,12,12,5,638.44,591.52,0.0,46.92,14,602,2,194.06,63.99,176.99,183.05,199.51,19.25
2025-03-09,LOC0001,North Judithbury Gaming Center,Northeast,Casino,2025,1,3,10,166,37,37,10,3383.85,3091.38,0.0,292.47,27,473,0,458.17,459.56,305.19,436.41,457.57,46.75
2025-03-09,LOC0002,North Jefferyhaven Gaming Center,Midwest,Bar,2025,1,3,10,147,39,39,11,5039.77,4584.14,0.0,455.63,28,725,0,447.92,515.31,833.46,541.72,399.1,46.5
2025-03-09,LOC0003,Lake Roberto Gaming Center,Southeast,Bar,2025,1,3,10,142,28,28,8,4786.21,4302.02,0.0,484.19,24,844,1,320.6,330.21,197.21,330.18,325.5,32.25
2025-03-09,LOC0004,Lake Stephenville Gaming Center,Northeast,Entertainment Center,2025,1,3,10,125,38,37,10,4067.65,3772.16,0.0,295.49,23,618,1,437.17,462.85,235.4,356.11,333.08,35.0
2025-03-09,LOC0005,North Donnaport Gaming Center,Northeast,Entertainment Center,2025,1,3,10,53,13,13,4,1645.56,1517.19,0.0,128.37,7,134,0,131.29,110.19,299.37,163.81,152.15,16.75
2025-03-09,LOC0006,Jasonview Gaming Center,Southwest,Casino,2025,1,3,10,189,52,51,12,5019.67,4536.57,0.0,483.1,21,414,0,584.97,319.26,408.69,427.89,463.24,49.0
2025-03-09,LOC0007,Meganton Gaming Center,Northeast,Casino,2025,1,3,10,259,65,65,14,7306.86,6736.32,0.0,570.54,47,865,0,596.62,378.56,440.25,481.84,503.19,62.5
2025-03-09,LOC0008,Lake Victor Gaming Center,Southeast,Bar,2025,1,3,10,146,40,39,9,3413.05,3054.75,0.0,358.3,21,812,1,378.0,230.81,394.79,310.89,313.4,35.25
2025-03-09,LOC0009,Coxberg Gaming Center,West,Entertainment Center,2025,1,3,10,143,39,39,8,4590.0,4126.88,0.0,463.12,27,640,1,330.27,388.92,315.31,286.99,305.85,34.75
2025-03-09,LOC0010,South Patrickmouth Gaming Center,Northeast,Entertainment Center,2025,1,3,10,58,16,16,5,1425.72,1314.27,0.0,111.45,12,154,0,46.92,194.06,297.16,150.53,184.1,16.75
2025-03-16,LOC0001,North Judithbury Gaming Center,Northeast,Casino,2025,1,3,11,154,34,34,10,4550.2,4184.91,0.0,365.29,26,412,0,292.47,458.17,522.72,433.23,425.75,45.5
2025-03-16,LOC0002,North Jefferyhaven Gaming Center,Midwest,Bar,2025,1,3,11,137,34,34,10,5251.33,4810.69,0.0,440.64,26,510,0,455.63,447.92,370.2,447.27,434.15,44.0
2025-03-16,LOC0003,Lake Roberto Gaming Center,Southeast,Bar,2025,1,3,11,121,27,27,8,2563.33,2387.18,0.0,176.15,23,381,0,484.19,320.6,472.69,401.92,355.71,31.0
2025-03-16,LOC0004,Lake Stephenville Gaming Center,Northeast,Entertainment Center,2025,1,3,11,160,40,39,10,4121.27,3865.28,0.0,255.99,24,849,2,295.49,437.17,289.01,371.13,332.96,35.5
2025-03-16,LOC0005,North Donnaport Gaming Center,Northeast,Entertainment Center,2025,1,3,11,65,17,17,4,2233.97,2083.87,0.0,150.1,11,266,0,128.37,131.29,114.39,121.06,151.48,15.25
2025-03-16,LOC0006,Jasonview Gaming Center,Southwest,Casino,2025,1,3,11,200,53,53,12,7174.66,6457.79,0.0,716.87,42,786,1,483.1,584.97,398.62,446.49,433.79,48.75
2025-03-16,LOC0007,Meganton Gaming Center,Northeast,Casino,2025,1,3,11,208,56,56,14,4740.33,4329.34,0.0,410.99,47,1043,0,570.54,596.62,511.94,514.42,512.73,64.25
2025-03-16,LOC0008,Lake Victor Gaming Center,Southeast,Bar,2025,1,3,11,143,36,36,9,2829.7,2560.67,0.0,269.03,35,1110,1,358.3,378.0,239.94,301.76,326.95,35.5
2025-03-16,LOC0009,Coxberg Gaming Center,West,Entertainment Center,2025,1,3,11,48,14,13,6,1613.57,1426.3,0.0,187.27,23,355,0,463.12,330.27,113.45,323.94,336.0,34.25
2025-03-16,LOC0010,South Patrickmouth Gaming Center,Northeast,Entertainment Center,2025,1,3,11,98,21,21,5,2966.01,2695.9,0.0,270.11,7,137,0,111.45,46.92,63.99,104.11,177.01,14.75
2025-03-23,LOC0001,North Judithbury Gaming Center,Northeast,Casino,2025,1,3,12,207,38,38,10,4402.7,3958.77,2130.34,443.93,28,395,0,365.29,292.47,459.56,393.87,415.26,43.25
2025-03-23,LOC0002,North Jefferyhaven Gaming Center,Midwest,Bar,2025,1,3,12,155,37,37,10,3435.36,3164.56,0.0,270.8,50,1232,1,440.64,455.63,515.31,464.88,461.14,41.75
2025-03-23,LOC0003,Lake Roberto Gaming Center,Southeast,Bar,2025,1,3,12,146,35,35,8,3903.7,3576.7,0.0,327.0,26,621,0,176.15,484.19,330.21,327.79,345.94,29.25
2025-03-23,LOC0004,Lake Stephenville Gaming Center,Northeast,Entertainment Center,2025,1,3,12,104,33,33,9,3786.77,3427.69,0.0,359.08,28,785,2,255.99,295.49,462.85,362.88,340.93,39.5
2025-03-23,LOC0005,North Donnaport Gaming Center,Northeast,Entertainment Center,2025,1,3,12,51,15,15,4,2130.73,1894.5,0.0,236.23,11,191,0,150.1,128.37,110.19,129.99,156.98,15.0
2025-03-23,LOC0006,Jasonview Gaming Center,Southwest,Casino,2025,1,3,12,190,53,53,11,6305.31,5773.81,0.0,531.5,34,896,0,716.87,483.1,319.26,526.05,470.48,49.25
2025-03-23,LOC0007,Meganton Gaming Center,Northeast,Casino,2025,1,3,12,269,72,71,15,8151.34,7365.93,0.0,785.41,46,891,0,410.99,570.54,378.56,489.18,490.82,61.5
2025-03-23,LOC0008,Lake Victor Gaming Center,Southeast,Bar,2025,1,3,12,113,27,27,8,3894.06,3579.81,0.0,314.25,30,589,0,269.03,358.3,230.81,309.04,333.93,36.5
2025-03-23,LOC0009,Coxberg Gaming Center,West,Entertainment Center,2025,1,3,12,61,18,18,7,1169.25,1055.98,0.0,113.27,22,340,0,187.27,463.12,388.92,342.4,307.7,30.75
2025-03-23,LOC0010,South Patrickmouth Gaming Center,Northeast,Entertainment Center,2025,1,3,12,35,16,16,5,829.86,748.52,0.0,81.34,20,679,2,270.11,111.45,194.06,155.64,187.81,17.5
2025-03-30,LOC0001,North Judithbury Gaming Center,Northeast,Casino,2025,1,3,13,100,27,26,9,2750.8,2563.69,0.0,187.11,16,219,0,443.93,365.29,458.17,389.97,401.46,38.75
2025-03-30,LOC0002,North Jefferyhaven Gaming Center,Midwest,Bar,2025,1,3,13,183,42,42,11,4830.66,4358.15,0.0,472.51,24,528,0,270.8,440.64,447.92,403.75,443.06,39.0
2025-03-30,LOC0003,Lake Roberto Gaming Center,Southeast,Bar,2025,1,3,13,91,25,25,8,2732.88,2431.41,0.0,301.47,32,855,1,327.0,176.15,320.6,326.99,347.53,30.25
2025-03-30,LOC0004,Lake Stephenville Gaming Center,Northeast,Entertainment Center,2025,1,3,13,170,39,39,10,5040.26,4575.62,0.0,464.64,30,1131,2,359.08,255.99,437.17,336.93,340.94,39.25
2025-03-30,LOC0005,North Donnaport Gaming Center,Northeast,Entertainment Center,2025,1,3,13,38,13,13,4,714.06,636.38,0.0,77.68,9,263,1,236.23,150.1,131.29,161.5,172.81,15.0
2025-03-30,LOC0006,Jasonview Gaming Center,Southwest,Casino,2025,1,3,13,155,36,36,11,4168.16,3809.11,0.0,359.05,30,560,0,531.5,716.87,584.97,579.11,475.68,50.75
2025-03-30,LOC0007,Meganton Gaming Center,Northeast,Casino,2025,1,3,13,203,56,56,13,6031.63,5506.91,0.0,524.72,57,1686,0,785.41,410.99,596.62,590.89,518.01,64.0
2025-03-30,LOC0008,Lake Victor Gaming Center,Southeast,Bar,2025,1,3,13,139,27,27,9,3641.94,3230.85,0.0,411.09,23,517,1,314.25,269.03,378.0,329.9,312.51,34.0
2025-03-30,LOC0009,Coxberg Gaming Center,West,Entertainment Center,2025,1,3,13,115,23,23,8,3120.75,2806.92,0.0,313.83,29,320,0,113.27,187.27,330.27,273.48,279.49,26.25
2025-03-30,LOC0010,South Patrickmouth Gaming Center,Northeast,Entertainment Center,2025,1,3,13,101,22,22,5,2498.74,2277.06,0.0,221.68,20,364,0,81.34,270.11,46.92,127.46,155.25,16.25
2025-04-06,LOC0001,North Judithbury Gaming Center,Northeast,Casino,2025,2,4,14,196,44,44,10,5026.11,4597.45,0.0,428.66,30,454,0,187.11,443.93,292.47,322.2,379.31,34.0
2025-04-06,LOC0002,North Jefferyhaven Gaming Center,Midwest,Bar,2025,2,4,14,92,25,25,9,3529.3,3201.36,0.0,327.94,40,1109,0,472.51,270.8,455.63,409.9,475.81,38.0
2025-04-06,LOC0003,Lake Roberto Gaming Center,Southeast,Bar,2025,2,4,14,95,27,27,8,2670.79,2437.68,0.0,233.11,26,496,0,301.47,327.0,484.19,322.2,326.19,28.75
2025-04-06,LOC0004,Lake Stephenville Gaming Center,Northeast,Entertainment Center,2025,2,4,14,81,25,24,10,1881.56,1720.6,0.0,160.96,37,1235,3,464.64,359.08,295.49,343.8,349.95,37.5
2025-04-06,LOC0005,North Donnaport Gaming Center,Northeast,Entertainment Center,2025,2,4,14,44,12,12,4,1782.77,1584.56,0.0,198.21,8,513,1,77.68,236.23,128.37,148.1,155.95,14.5
2025-04-06,LOC0006,Jasonview Gaming Center,Southwest,Casino,2025,2,4,14,185,47,47,12,4684.23,4191.99,0.0,492.24,28,526,0,359.05,531.5,483.1,522.63,475.26,48.5
2025-04-06,LOC0007,Meganton Gaming Center,Northeast,Casino,2025,2,4,14,182,45,45,15,4509.87,4069.02,0.0,440.85,62,1976,3,524.72,785.41,570.54,572.92,527.38,62.25
2025-04-06,LOC0008,Lake Victor Gaming Center,Southeast,Bar,2025,2,4,14,109,27,27,8,3097.38,2856.38,0.0,241.0,28,900,0,411.09,314.25,358.3,338.17,324.53,32.5
2025-04-06,LOC0009,Coxberg Gaming Center,West,Entertainment Center,2025,2,4,14,122,30,30,8,2850.14,2588.74,1287.6,261.4,29,594,0,313.83,113.27,463.12,269.37,278.18,23.5
2025-04-06,LOC0010,South Patrickmouth Gaming Center,Northeast,Entertainment Center,2025,2,4,14,106,18,18,4,2757.62,2404.04,0.0,353.58,12,255,0,221.68,81.34,111.45,171.15,160.84,18.75
2025-04-13,LOC0001,North Judithbury Gaming Center,Northeast,Casino,2025,2,4,15,108,27,27,10,1806.24,1649.07,0.0,157.17,21,313,1,428.66,187.11,365.29,356.25,394.74,35.75
2025-04-13,LOC0002,North Jefferyhaven Gaming Center,Midwest,Bar,2025,2,4,15,98,27,27,10,2900.2,2613.37,1092.91,286.83,30,878,0,327.94,472.51,440.64,377.97,412.62,34.5
2025-04-13,LOC0003,Lake Roberto Gaming Center,Southeast,Bar,2025,2,4,15,150,34,34,8,3647.85,3288.1,0.0,359.75,19,722,0,233.11,301.47,176.15,259.43,330.68,28.5
2025-04-13,LOC0004,Lake Stephenville Gaming Center,Northeast,Entertainment Center,2025,2,4,15,141,32,32,10,4910.06,4503.28,0.0,406.78,27,855,1,160.96,464.64,255.99,310.17,340.65,34.25
2025-04-13,LOC0005,North Donnaport Gaming Center,Northeast,Entertainment Center,2025,2,4,15,36,10,10,4,702.57,639.21,0.0,63.36,7,100,0,198.21,77.68,150.1,165.56,143.31,14.25
2025-04-13,LOC0006,Jasonview Gaming Center,Southwest,Casino,2025,2,4,15,174,42,41,12,4255.74,3862.41,0.0,393.33,32,400,0,492.24,359.05,716.87,524.92,485.7,47.25
2025-04-13,LOC0007,Meganton Gaming Center,Northeast,Casino,2025,2,4,15,162,35,35,13,6505.29,5842.65,0.0,662.64,49,917,0,440.85,524.72,410.99,540.49,527.45,57.25
2025-04-13,LOC0008,Lake Victor Gaming Center,Southeast,Bar,2025,2,4,15,166,33,33,9,4335.58,3966.03,1584.55,369.55,32,1012,2,241.0,411.09,269.03,308.84,305.3,29.25
2025-04-13,LOC0009,Coxberg Gaming Center,West,Entertainment Center,2025,2,4,15,98,23,23,7,1738.04,1597.73,0.0,140.31,25,697,2,261.4,313.83,187.27,218.94,271.44,21.25
2025-04-13,LOC0010,South Patrickmouth Gaming Center,Northeast,Entertainment Center,2025,2,4,15,74,15,15,5,2792.22,2502.72,0.0,289.5,25,343,0,353.58,221.68,270.11,231.68,167.89,19.25
2025-04-20,LOC0001,North Judithbury Gaming Center,Northeast,Casino,2025,2,4,16,113,22,22,10,3712.54,3374.67,995.68,337.87,27,296,0,157.17,428.66,443.93,304.22,349.05,34.0
2025-04-20,LOC0002,North Jefferyhaven Gaming Center,Midwest,Bar,2025,2,4,16,127,30,30,10,2954.9,2613.85,0.0,341.05,25,558,0,286.83,327.94,270.8,339.52,402.2,32.75
2025-04-20,LOC0003,Lake Roberto Gaming Center,Southeast,Bar,2025,2,4,16,95,22,22,8,2478.29,2271.53,0.0,206.76,27,895,0,359.75,233.11,327.0,305.33,316.56,30.25
2025-04-20,LOC0004,Lake Stephenville Gaming Center,Northeast,Entertainment Center,2025,2,4,16,95,29,29,10,2753.62,2532.04,0.0,221.58,35,691,1,406.78,160.96,359.08,347.87,355.37,32.25
2025-04-20,LOC0005,North Donnaport Gaming Center,Northeast,Entertainment Center,2025,2,4,16,95,18,18,4,2864.9,2612.91,0.0,251.99,16,453,0,63.36,198.21,236.23,143.87,136.93,12.5
2025-04-20,LOC0006,Jasonview Gaming Center,Southwest,Casino,2025,2,4,16,177,34,34,10,3596.89,3278.85,0.0,318.04,26,743,0,393.33,492.24,531.5,444.03,485.04,44.5
2025-04-20,LOC0007,Meganton Gaming Center,Northeast,Casino,2025,2,4,16,182,47,47,14,4944.6,4510.27,1684.06,434.33,65,1784,1,662.64,440.85,785.41,603.41,546.29,52.0
2025-04-20,LOC0008,Lake Victor Gaming Center,Southeast,Bar,2025,2,4,16,79,22,22,8,3277.54,2980.22,0.0,297.32,34,813,1,369.55,241.0,314.25,333.97,321.5,28.5
2025-04-20,LOC0009,Coxberg Gaming Center,West,Entertainment Center,2025,2,4,16,82,23,23,8,3070.0,2766.81,0.0,303.19,20,677,1,140.31,261.4,113.27,207.2,274.8,23.5
2025-04-20,LOC0010,South Patrickmouth Gaming Center,Northeast,Entertainment Center,2025,2,4,16,63,18,18,5,1909.24,1779.59,0.0,129.65,17,275,0,289.5,353.58,81.34,236.53,196.08,17.75
2025-04-27,LOC0001,North Judithbury Gaming Center,Northeast,Casino,2025,2,4,17,118,31,31,10,3483.45,3191.0,0.0,292.45,27,342,1,337.87,157.17,187.11,277.7,333.83,30.0
2025-04-27,LOC0002,North Jefferyhaven Gaming Center,Midwest,Bar,2025,2,4,17,201,34,34,10,4099.51,3749.18,0.0,350.33,37,689,0,341.05,286.83,472.51,357.08,380.42,31.0
2025-04-27,LOC0003,Lake Roberto Gaming Center,Southeast,Bar,2025,2,4,17,71,18,18,7,1969.52,1751.23,0.0,218.29,38,1616,3,206.76,359.75,301.47,275.27,301.13,27.0
2025-04-27,LOC0004,Lake Stephenville Gaming Center,Northeast,Entertainment Center,2025,2,4,17,136,33,33,9,2897.6,2633.53,0.0,264.07,37,819,0,221.58,406.78,464.64,313.49,325.21,31.25
2025-04-27,LOC0005,North Donnaport Gaming Center,Northeast,Entertainment Center,2025,2,4,17,72,12,12,4,1825.64,1685.56,0.0,140.08,12,178,0,251.99,63.36,77.68,147.81,154.65,13.25
2025-04-27,LOC0006,Jasonview Gaming Center,Southwest,Casino,2025,2,4,17,203,46,46,12,4576.41,4181.75,996.27,394.66,36,570,0,318.04,393.33,359.05,390.67,484.89,39.75
2025-04-27,LOC0007,Meganton Gaming Center,Northeast,Casino,2025,2,4,17,237,52,52,15,6809.71,6245.09,0.0,564.62,51,1537,1,434.33,662.64,524.72,515.64,553.26,45.75
2025-04-27,LOC0008,Lake Victor Gaming Center,Southeast,Bar,2025,2,4,17,71,20,19,8,2176.92,2000.56,0.0,176.36,38,935,0,297.32,369.55,411.09,329.74,329.82,27.25
2025-04-27,LOC0009,Coxberg Gaming Center,West,Entertainment Center,2025,2,4,17,97,26,26,8,2533.78,2335.84,0.0,197.94,23,293,0,303.19,140.31,313.83,254.68,264.08,24.75
2025-04-27,LOC0010,South Patrickmouth Gaming Center,Northeast,Entertainment Center,2025,2,4,17,47,16,16,5,1017.94,924.31,2389.2,93.63,14,259,0,129.65,289.5,221.68,248.6,188.03,18.25
2025-05-04,LOC0001,North Judithbury Gaming Center,Northeast,Casino,2025,2,5,18,116,28,28,9,3985.47,3572.89,0.0,412.58,21,363,0,292.45,337.87,428.66,304.04,313.12,31.0
2025-05-04,LOC0002,North Jefferyhaven Gaming Center,Midwest,Bar,2025,2,5,18,111,28,28,10,4086.04,3672.48,0.0,413.56,37,638,0,350.33,341.05,327.94,326.54,368.22,29.0
2025-05-04,LOC0003,Lake Roberto Gaming Center,Southeast,Bar,2025,2,5,18,91,23,22,8,4527.85,4101.92,0.0,425.93,28,645,0,218.29,206.76,233.11,254.48,288.34,25.25
2025-05-04,LOC0004,Lake Stephenville Gaming Center,Northeast,Entertainment Center,2025,2,5,18,144,36,36,10,2696.69,2448.35,0.0,248.34,37,1159,1,264.07,221.58,160.96,263.35,303.57,29.75
2025-05-04,LOC0005,North Donnaport Gaming Center,Northeast,Entertainment Center,2025,2,5,18,57,15,15,4,1062.65,963.82,0.0,98.83,14,384,0,140.08,251.99,198.21,163.41,155.75,13.0
2025-05-04,LOC0006,Jasonview Gaming Center,Southwest,Casino,2025,2,5,18,138,43,43,11,4160.99,3778.68,0.0,382.31,34,800,1,394.66,318.04,492.24,399.57,461.1,42.25
2025-05-04,LOC0007,Meganton Gaming Center,Northeast,Casino,2025,2,5,18,191,47,47,14,6795.27,6121.18,0.0,674.09,55,1230,0,564.62,434.33,440.85,525.61,549.26,44.75
2025-05-04,LOC0008,Lake Victor Gaming Center,Southeast,Bar,2025,2,5,18,128,25,25,8,4355.01,3988.81,0.0,366.2,29,544,0,176.36,297.32,241.0,271.06,304.61,25.5
2025-05-04,LOC0009,Coxberg Gaming Center,West,Entertainment Center,2025,2,5,18,68,16,16,7,2072.54,1861.06,0.0,211.48,31,895,0,197.94,303.19,261.4,225.71,247.54,25.5
2025-05-04,LOC0010,South Patrickmouth Gaming Center,Northeast,Entertainment Center,2025,2,5,18,44,14,14,5,1166.2,1076.22,0.0,89.98,14,255,0,93.63,129.65,353.58,216.59,193.87,16.75
2025-05-11,LOC0001,North Judithbury Gaming Center,Northeast,Casino,2025,2,5,19,197,37,37,10,4707.38,4255.93,1115.93,451.45,18,591,0,412.58,292.45,157.17,300.02,328.13,27.0
2025-05-11,LOC0002,North Jefferyhaven Gaming Center,Midwest,Bar,2025,2,5,19,150,31,31,10,5263.96,4749.8,0.0,514.16,34,794,0,413.56,350.33,286.83,347.94,362.96,29.75
2025-05-11,LOC0003,Lake Roberto Gaming Center,Southeast,Bar,2025,2,5,19,81,22,22,8,2613.49,2380.7,0.0,232.79,37,1469,1,425.93,218.29,359.75,302.68,281.06,24.25
2025-05-11,LOC0004,Lake Stephenville Gaming Center,Northeast,Entertainment Center,2025,2,5,19,91,27,27,9,3220.95,2950.85,0.0,270.1,37,1137,2,248.34,264.07,406.78,285.19,297.68,32.5
2025-05-11,LOC0005,North Donnaport Gaming Center,Northeast,Entertainment Center,2025,2,5,19,37,11,11,4,1007.77,907.55,0.0,100.22,13,520,2,98.83,140.08,63.36,138.57,152.06,13.75
2025-05-11,LOC0006,Jasonview Gaming Center,Southwest,Casino,2025,2,5,19,166,38,38,11,3547.55,3236.53,0.0,311.02,32,459,0,382.31,394.66,393.33,372.09,448.5,41.25
2025-05-11,LOC0007,Meganton Gaming Center,Northeast,Casino,2025,2,5,19,198,42,42,15,5233.28,4827.37,0.0,405.91,69,2454,1,674.09,564.62,662.64,583.92,562.21,45.25
2025-05-11,LOC0008,Lake Victor Gaming Center,Southeast,Bar,2025,2,5,19,123,31,31,8,3101.13,2866.97,0.0,234.16,39,870,0,366.2,176.36,369.55,302.36,305.6,25.0
2025-05-11,LOC0009,Coxberg Gaming Center,West,Entertainment Center,2025,2,5,19,101,23,23,8,3480.44,3174.84,0.0,305.6,18,460,1,211.48,197.94,140.31,213.23,216.09,22.0
2025-05-11,LOC0010,South Patrickmouth Gaming Center,Northeast,Entertainment Center,2025,2,5,19,129,27,27,5,2976.84,2684.05,0.0,292.79,23,306,0,89.98,93.63,289.5,150.69,191.18,15.75
2025-05-18,LOC0001,North Judithbury Gaming Center,Northeast,Casino,2025,2,5,20,158,30,30,9,3953.8,3628.1,585.6,325.7,24,285,0,451.45,412.58,337.87,373.59,338.9,29.5
2025-05-18,LOC0002,North Jefferyhaven Gaming Center,Midwest,Bar,2025,2,5,20,163,35,35,10,4424.24,3984.28,0.0,439.96,45,1313,2,514.16,413.56,341.05,404.78,372.15,30.75
2025-05-18,LOC0003,Lake Roberto Gaming Center,Southeast,Bar,2025,2,5,20,102,27,27,7,3740.71,3483.57,2179.3,257.14,31,683,0,232.79,425.93,206.76,270.94,288.14,21.25
2025-05-18,LOC0004,Lake Stephenville Gaming Center,Northeast,Entertainment Center,2025,2,5,20,81,25,25,10,5001.54,4643.52,0.0,358.02,27,819,1,270.1,248.34,221.58,251.02,299.44,31.25
2025-05-18,LOC0005,North Donnaport Gaming Center,Northeast,Entertainment Center,2025,2,5,20,68,10,10,4,1607.91,1456.17,0.0,151.74,18,423,0,100.22,98.83,251.99,147.78,145.83,14.0
2025-05-18,LOC0006,Jasonview Gaming Center,Southwest,Casino,2025,2,5,20,152,32,32,12,5758.75,5221.31,0.0,537.44,35,724,1,311.02,382.31,318.04,351.51,397.77,40.25
2025-05-18,LOC0007,Meganton Gaming Center,Northeast,Casino,2025,2,5,20,208,47,47,13,5886.46,5309.31,0.0,577.15,63,1331,1,405.91,674.09,434.33,519.74,561.57,47.0
2025-05-18,LOC0008,Lake Victor Gaming Center,Southeast,Bar,2025,2,5,20,104,27,27,9,2246.53,2045.05,0.0,201.48,34,951,0,234.16,366.2,297.32,268.51,301.24,24.5
2025-05-18,LOC0009,Coxberg Gaming Center,West,Entertainment Center,2025,2,5,20,71,18,18,8,1923.57,1648.35,0.0,275.22,33,1083,0,305.6,211.48,303.19,254.55,230.88,22.0
2025-05-18,LOC0010,South Patrickmouth Gaming Center,Northeast,Entertainment Center,2025,2,5,20,83,15,15,5,3121.34,2764.85,0.0,356.49,22,266,0,292.79,89.98,129.65,151.51,194.02,18.75
2025-05-25,LOC0001,North Judithbury Gaming Center,Northeast,Casino,2025,2,5,21,195,40,40,10,4962.41,4526.3,0.0,436.11,27,487,1,325.7,451.45,292.45,370.55,324.12,31.5
2025-05-25,LOC0002,North Jefferyhaven Gaming Center,Midwest,Bar,2025,2,5,21,174,38,38,11,5132.72,4679.53,0.0,453.19,40,1209,1,439.96,514.16,350.33,429.5,393.29,32.0
2025-05-25,LOC0003,Lake Roberto Gaming Center,Southeast,Bar,2025,2,5,21,76,17,17,7,2415.54,2256.72,0.0,158.82,25,880,0,257.14,232.79,218.29,283.54,279.41,22.5
2025-05-25,LOC0004,Lake Stephenville Gaming Center,Northeast,Entertainment Center,2025,2,5,21,103,31,31,10,3282.56,2961.84,0.0,320.72,44,865,0,358.02,270.1,264.07,285.13,299.31,30.25
2025-05-25,LOC0005,North Donnaport Gaming Center,Northeast,Entertainment Center,2025,2,5,21,68,15,15,4,1432.86,1325.34,0.0,107.52,14,362,0,151.74,100.22,140.08,122.72,135.26,12.0
2025-05-25,LOC0006,Jasonview Gaming Center,Southwest,Casino,2025,2,5,21,214,41,41,11,5771.33,5190.67,0.0,580.66,42,787,0,537.44,311.02,394.66,406.36,398.51,39.75
2025-05-25,LOC0007,Meganton Gaming Center,Northeast,Casino,2025,2,5,21,225,49,49,15,6119.87,5564.72,0.0,555.15,53,1347,1,577.15,405.91,564.62,555.44,535.54,47.0
2025-05-25,LOC0008,Lake Victor Gaming Center,Southeast,Bar,2025,2,5,21,93,18,18,9,2388.93,2167.47,0.0,221.46,41,1175,2,201.48,234.16,176.36,244.55,287.15,25.75
2025-05-25,LOC0009,Coxberg Gaming Center,West,Entertainment Center,2025,2,5,21,171,36,35,8,4102.68,3850.22,0.0,252.46,26,597,0,275.22,305.6,197.94,247.56,251.12,20.75
2025-05-25,LOC0010,South Patrickmouth Gaming Center,Northeast,Entertainment Center,2025,2,5,21,81,21,21,5,2250.68,2022.83,0.0,227.85,8,113,0,356.49,292.79,93.63,208.22,228.41,18.0
2025-06-01,LOC0001,North Judithbury Gaming Center,Northeast,Casino,2025,2,6,22,157,32,32,10,4477.27,4053.11,0.0,424.16,34,727,0,436.11,325.7,412.58,406.46,355.25,33.75
2025-06-01,LOC0002,North Jefferyhaven Gaming Center,Midwest,Bar,2025,2,6,22,165,33,33,10,3756.94,3429.99,0.0,326.95,26,515,0,453.19,439.96,413.56,455.22,390.88,33.0
2025-06-01,LOC0003,Lake Roberto Gaming Center,Southeast,Bar,2025,2,6,22,107,17,17,7,5130.55,4736.65,0.0,393.9,28,737,1,158.82,257.14,425.93,268.67,261.57,22.25
2025-06-01,LOC0004,Lake Stephenville Gaming Center,Northeast,Entertainment Center,2025,2,6,22,182,37,35,9,4073.93,3688.25,0.0,385.68,28,631,0,320.72,358.02,248.34,299.3,281.32,29.75
2025-06-01,LOC0005,North Donnaport Gaming Center,Northeast,Entertainment Center,2025,2,6,22,66,13,13,4,1959.79,1816.12,0.0,143.67,16,577,1,107.52,151.74,98.83,114.58,138.99,12.75
2025-06-01,LOC0006,Jasonview Gaming Center,Southwest,Casino,2025,2,6,22,235,48,48,12,6133.95,5473.49,710.52,660.46,28,495,0,580.66,537.44,382.31,452.86,426.21,38.5
2025-06-01,LOC0007,Meganton Gaming Center,Northeast,Casino,2025,2,6,22,228,54,54,15,6481.73,5943.76,0.0,537.97,53,1107,0,555.15,577.15,674.09,553.08,539.34,46.25
2025-06-01,LOC0008,Lake Victor Gaming Center,Southeast,Bar,2025,2,6,22,81,24,24,9,2722.92,2427.72,0.0,295.2,31,712,1,221.46,201.48,366.2,255.83,263.44,25.25
2025-06-01,LOC0009,Coxberg Gaming Center,West,Entertainment Center,2025,2,6,22,83,22,22,8,3062.71,2768.99,0.0,293.72,21,1054,1,252.46,275.22,211.48,261.19,243.45,23.25
2025-06-01,LOC0010,South Patrickmouth Gaming Center,Northeast,Entertainment Center,2025,2,6,22,78,15,15,5,2438.66,2233.49,0.0,205.17,16,304,0,227.85,356.49,89.98,241.78,229.18,19.25
2025-06-08,LOC0001,North Judithbury Gaming Center,Northeast,Casino,2025,2,6,23,188,40,40,10,5282.15,4753.51,0.0,528.64,24,423,0,424.16,436.11,451.45,409.36,354.69,34.75
2025-06-08,LOC0002,North Jefferyhaven Gaming Center,Midwest,Bar,2025,2,6,23,211,39,39,11,8710.99,7915.15,0.0,795.84,36,956,0,326.95,453.19,514.16,433.57,390.75,34.25
2025-06-08,LOC0003,Lake Roberto Gaming Center,Southeast,Bar,2025,2,6,23,119,25,25,8,2158.15,1966.43,0.0,191.72,30,488,0,393.9,158.82,232.79,260.66,281.67,20.75
2025-06-08,LOC0004,Lake Stephenville Gaming Center,Northeast,Entertainment Center,2025,2,6,23,167,38,38,10,4314.4,3912.42,0.0,401.98,42,1112,0,385.68,320.72,270.1,333.63,309.41,30.0
2025-06-08,LOC0005,North Donnaport Gaming Center,Northeast,Entertainment Center,2025,2,6,23,47,9,9,4,1063.97,946.0,0.0,117.97,18,362,0,143.67,107.52,100.22,125.79,132.18,12.25
2025-06-08,LOC0006,Jasonview Gaming Center,Southwest,Casino,2025,2,6,23,162,40,40,12,4908.12,4413.54,0.0,494.58,34,631,0,660.46,580.66,311.02,522.4,447.24,39.75
2025-06-08,LOC0007,Meganton Gaming Center,Northeast,Casino,2025,2,6,23,219,53,52,14,5794.89,5248.2,302.39,546.69,57,1655,2,537.97,555.15,405.91,519.05,551.48,48.0
2025-06-08,LOC0008,Lake Victor Gaming Center,Southeast,Bar,2025,2,6,23,116,25,25,9,3852.13,3523.53,0.0,328.6,37,1218,0,295.2,221.46,234.16,238.08,270.22,25.0
2025-06-08,LOC0009,Coxberg Gaming Center,West,Entertainment Center,2025,2,6,23,108,26,25,7,3189.66,2887.26,927.09,302.4,32,683,1,293.72,252.46,305.6,281.75,247.49,24.75
2025-06-08,LOC0010,South Patrickmouth Gaming Center,Northeast,Entertainment Center,2025,2,6,23,89,21,21,5,3919.96,3509.27,2253.32,410.69,21,600,0,205.17,227.85,292.79,270.58,210.63,19.5
2025-06-15,LOC0001,North Judithbury Gaming Center,Northeast,Casino,2025,2,6,24,145,29,29,8,3107.94,2854.96,0.0,252.98,29,716,0,528.64,424.16,325.7,428.65,401.12,35.5
2025-06-15,LOC0002,North Jefferyhaven Gaming Center,Midwest,Bar,2025,2,6,24,205,49,49,11,8468.44,7681.79,0.0,786.65,31,1124,0,795.84,326.95,439.96,503.99,454.38,36.25
2025-06-15,LOC0003,Lake Roberto Gaming Center,Southeast,Bar,2025,2,6,24,64,17,17,8,1808.28,1616.8,0.0,191.48,34,1004,0,191.72,393.9,257.14,250.4,260.67,21.5
2025-06-15,LOC0004,Lake Stephenville Gaming Center,Northeast,Entertainment Center,2025,2,6,24,109,22,22,9,3759.8,3428.11,0.0,331.69,30,610,1,401.98,385.68,358.02,366.6,308.81,32.75
2025-06-15,LOC0005,North Donnaport Gaming Center,Northeast,Entertainment Center,2025,2,6,24,49,13,13,4,709.16,645.26,0.0,63.9,14,715,2,117.97,143.67,151.74,130.23,139.0,11.75
2025-06-15,LOC0006,Jasonview Gaming Center,Southwest,Casino,2025,2,6,24,150,41,41,12,4460.19,4096.48,0.0,363.71,35,466,0,494.58,660.46,537.44,568.29,459.9,40.25
2025-06-15,LOC0007,Meganton Gaming Center,Northeast,Casino,2025,2,6,24,205,50,50,13,6250.26,5704.31,0.0,545.95,46,1307,1,546.69,537.97,577.15,554.24,536.99,50.75
2025-06-15,LOC0008,Lake Victor Gaming Center,Southeast,Bar,2025,2,6,24,123,30,30,9,3746.32,3445.01,0.0,301.31,47,1560,0,328.6,295.2,201.48,261.69,265.1,23.5
2025-06-15,LOC0009,Coxberg Gaming Center,West,Entertainment Center,2025,2,6,24,98,19,19,7,2042.91,1873.74,0.0,169.17,29,958,0,302.4,293.72,275.22,280.95,267.75,25.5
2025-06-15,LOC0010,South Patrickmouth Gaming Center,Northeast,Entertainment Center,2025,2,6,24,86,9,9,5,3936.04,3617.06,0.0,318.98,16,267,0,410.69,205.17,356.49,300.05,225.78,18.0
2025-06-22,LOC0001,North Judithbury Gaming Center,Northeast,Casino,2025,2,6,25,90,21,21,10,2340.31,2018.68,0.0,321.63,38,1229,0,252.98,528.64,436.11,410.47,390.51,35.25
2025-06-22,LOC0002,North Jefferyhaven Gaming Center,Midwest,Bar,2025,2,6,25,184,36,36,11,6620.84,6112.97,0.0,507.87,37,937,1,786.65,795.84,453.19,590.66,510.08,39.75
2025-06-22,LOC0003,Lake Roberto Gaming Center,Southeast,Bar,2025,2,6,25,144,33,33,8,3461.04,3176.01,0.0,285.03,43,1150,1,191.48,191.72,158.82,233.98,258.76,19.0
2025-06-22,LOC0004,Lake Stephenville Gaming Center,Northeast,Entertainment Center,2025,2,6,25,120,26,26,9,5515.9,5106.18,0.0,409.72,40,1595,2,331.69,401.98,320.72,360.02,322.58,32.0
2025-06-22,LOC0005,North Donnaport Gaming Center,Northeast,Entertainment Center,2025,2,6,25,75,12,11,3,2447.51,2174.0,0.0,273.51,10,269,0,63.9,117.97,107.52,108.27,115.49,12.5
2025-06-22,LOC0006,Jasonview Gaming Center,Southwest,Casino,2025,2,6,25,206,44,44,12,5295.0,4773.14,0.0,521.86,36,708,1,363.71,494.58,580.66,524.85,465.61,42.5
2025-06-22,LOC0007,Meganton Gaming Center,Northeast,Casino,2025,2,6,25,204,45,45,15,8617.44,7857.51,0.0,759.93,58,1093,1,545.95,546.69,555.15,546.44,550.94,51.5
2025-06-22,LOC0008,Lake Victor Gaming Center,Southeast,Bar,2025,2,6,25,115,24,24,9,6702.64,6146.97,0.0,555.67,41,878,0,301.31,328.6,221.46,286.64,265.6,24.25
2025-06-22,LOC0009,Coxberg Gaming Center,West,Entertainment Center,2025,2,6,25,116,26,26,8,3849.14,3528.45,0.0,320.69,29,802,1,169.17,302.4,252.46,254.44,251.0,25.75
2025-06-22,LOC0010,South Patrickmouth Gaming Center,Northeast,Entertainment Center,2025,2,6,25,74,14,14,5,2353.64,2158.9,0.0,194.74,15,512,0,318.98,410.69,227.85,290.67,249.45,16.5
2025-06-29,LOC0001,North Judithbury Gaming Center,Northeast,Casino,2025,2,6,26,207,37,37,10,6375.93,5939.14,0.0,436.79,23,520,0,321.63,252.98,424.16,381.85,394.16,30.5
2025-06-29,LOC0002,North Jefferyhaven Gaming Center,Midwest,Bar,2025,2,6,26,167,33,33,11,4811.68,4359.64,0.0,452.04,42,988,1,507.87,786.65,326.95,604.33,529.77,39.25
2025-06-29,LOC0003,Lake Roberto Gaming Center,Southeast,Bar,2025,2,6,26,110,26,26,7,4157.13,3740.74,0.0,416.39,37,876,1,285.03,191.48,393.9,265.53,267.1,23.0
2025-06-29,LOC0004,Lake Stephenville Gaming Center,Northeast,Entertainment Center,2025,2,6,26,214,40,40,10,7202.17,6633.04,0.0,569.13,42,2033,1,409.72,331.69,385.68,382.27,340.78,30.75
2025-06-29,LOC0005,North Donnaport Gaming Center,Northeast,Entertainment Center,2025,2,6,26,73,16,15,4,2393.07,2182.97,0.0,210.1,16,349,1,273.51,63.9,143.67,149.76,132.17,11.75
2025-06-29,LOC0006,Jasonview Gaming Center,Southwest,Casino,2025,2,6,26,127,25,25,10,2934.82,2686.74,0.0,248.08,41,638,0,521.86,363.71,660.46,510.15,481.51,43.25
2025-06-29,LOC0007,Meganton Gaming Center,Northeast,Casino,2025,2,6,26,231,46,46,15,7245.06,6730.33,0.0,514.73,42,962,1,759.93,545.95,537.97,597.64,575.36,50.5
2025-06-29,LOC0008,Lake Victor Gaming Center,Southeast,Bar,2025,2,6,26,127,24,23,9,4139.54,3787.6,0.0,351.94,42,1013,2,555.67,301.31,295.2,370.2,313.01,25.75
2025-06-29,LOC0009,Coxberg Gaming Center,West,Entertainment Center,2025,2,6,26,95,23,23,8,2824.03,2545.71,0.0,278.32,37,874,1,320.69,169.17,293.72,271.5,266.34,23.25
2025-06-29,LOC0010,South Patrickmouth Gaming Center,Northeast,Entertainment Center,2025,2,6,26,25,9,9,3,983.44,899.28,1883.95,84.16,18,409,0,194.74,318.98,205.17,282.4,262.09,14.75
2025-07-06,LOC0001,North Judithbury Gaming Center,Northeast,Casino,2025,3,7,27,179,36,35,9,3610.95,3269.35,1974.7,341.6,35,565,0,436.79,321.63,528.64,385.01,397.18,31.75
2025-07-06,LOC0002,North Jefferyhaven Gaming Center,Midwest,Bar,2025,3,7,27,121,29,29,11,4119.39,3727.73,0.0,391.66,41,1132,0,452.04,507.87,795.84,635.6,534.58,39.25
2025-07-06,LOC0003,Lake Roberto Gaming Center,Southeast,Bar,2025,3,7,27,76,18,18,6,2742.42,2505.27,0.0,237.15,39,1183,1,416.39,285.03,191.72,271.16,265.91,25.25
2025-07-06,LOC0004,Lake Stephenville Gaming Center,Northeast,Entertainment Center,2025,3,7,27,130,26,26,10,5776.07,5209.76,0.0,566.31,40,1289,0,569.13,409.72,401.98,428.13,380.88,31.5
2025-07-06,LOC0005,North Donnaport Gaming Center,Northeast,Entertainment Center,2025,3,7,27,48,11,11,4,1606.62,1478.01,0.0,128.61,16,416,0,210.1,273.51,117.97,166.37,146.08,12.5
2025-07-06,LOC0006,Jasonview Gaming Center,Southwest,Casino,2025,3,7,27,188,34,34,12,6901.77,6248.75,0.0,653.02,33,705,1,248.08,521.86,494.58,407.06,464.73,37.5
2025-07-06,LOC0007,Meganton Gaming Center,Northeast,Casino,2025,3,7,27,274,53,52,15,9504.74,8634.46,0.0,870.28,61,1247,1,514.73,759.93,546.69,591.83,555.44,48.5
2025-07-06,LOC0008,Lake Victor Gaming Center,Southeast,Bar,2025,3,7,27,221,50,50,9,6199.2,5563.0,0.0,636.2,29,1358,1,351.94,555.67,328.6,384.38,311.23,25.75
2025-07-06,LOC0009,Coxberg Gaming Center,West,Entertainment Center,2025,3,7,27,77,23,23,8,2895.01,2621.94,0.0,273.07,31,827,1,278.32,320.69,302.4,267.65,274.7,23.5
2025-07-06,LOC0010,South Patrickmouth Gaming Center,Northeast,Entertainment Center,2025,3,7,27,105,25,25,5,2183.66,1974.62,0.0,209.04,20,511,0,84.16,194.74,410.69,252.14,261.36,13.25
2025-07-13,LOC0001,North Judithbury Gaming Center,Northeast,Casino,2025,3,7,28,148,33,33,10,2470.97,2230.94,0.0,240.03,23,999,0,341.6,436.79,252.98,338.25,383.45,30.75
2025-07-13,LOC0002,North Jefferyhaven Gaming Center,Midwest,Bar,2025,3,7,28,275,40,40,11,9714.0,8702.37,0.0,1011.63,32,753,2,391.66,452.04,786.65,534.56,519.27,36.75
2025-07-13,LOC0003,Lake Roberto Gaming Center,Southeast,Bar,2025,3,7,28,171,28,28,8,4716.28,4227.6,0.0,488.68,31,1454,0,237.15,416.39,191.48,282.51,266.45,23.5
2025-07-13,LOC0004,Lake Stephenville Gaming Center,Northeast,Entertainment Center,2025,3,7,28,184,34,33,10,6806.62,6216.05,1495.84,590.57,34,719,0,566.31,569.13,331.69,469.21,417.91,28.5
2025-07-13,LOC0005,North Donnaport Gaming Center,Northeast,Entertainment Center,2025,3,7,28,78,15,15,4,2224.81,1986.53,0.0,238.28,16,518,0,128.61,210.1,63.9,169.03,149.63,13.0
2025-07-13,LOC0006,Jasonview Gaming Center,Southwest,Casino,2025,3,7,28,202,40,40,12,5504.55,4991.88,222.79,512.67,40,1013,0,653.02,248.08,363.71,446.67,507.48,36.0
2025-07-13,LOC0007,Meganton Gaming Center,Northeast,Casino,2025,3,7,28,258,53,52,14,8815.25,8059.1,0.0,756.15,46,1564,1,870.28,514.73,545.95,672.72,613.48,48.5
2025-07-13,LOC0008,Lake Victor Gaming Center,Southeast,Bar,2025,3,7,28,163,35,35,9,6645.75,5899.5,0.0,746.25,42,844,2,636.2,351.94,301.31,461.28,361.48,32.0
2025-07-13,LOC0009,Coxberg Gaming Center,West,Entertainment Center,2025,3,7,28,140,30,29,8,4300.01,3875.19,0.0,424.82,29,687,1,273.07,278.32,169.17,260.31,270.63,22.75
2025-07-13,LOC0010,South Patrickmouth Gaming Center,Northeast,Entertainment Center,2025,3,7,28,62,15,15,5,2172.34,2019.77,0.0,152.57,14,163,0,209.04,84.16,318.98,201.73,250.89,14.25
2025-07-20,LOC0001,North Judithbury Gaming Center,Northeast,Casino,2025,3,7,29,166,30,30,9,5766.48,5197.64,1671.28,568.84,27,464,0,240.03,341.6,321.63,335.01,372.74,31.75
2025-07-20,LOC0002,North Jefferyhaven Gaming Center,Midwest,Bar,2025,3,7,29,133,29,29,10,4522.35,4120.26,0.0,402.09,44,1025,0,1011.63,391.66,507.87,590.8,590.73,34.5
2025-07-20,LOC0003,Lake Roberto Gaming Center,Southeast,Bar,2025,3,7,29,127,19,19,7,3453.37,3150.29,0.0,303.08,30,1131,0,488.68,237.15,285.03,356.81,295.4,26.25
2025-07-20,LOC0004,Lake Stephenville Gaming Center,Northeast,Entertainment Center,2025,3,7,29,165,37,37,9,5110.52,4712.64,0.0,397.88,43,1152,2,590.57,566.31,409.72,533.93,446.98,31.5
2025-07-20,LOC0005,North Donnaport Gaming Center,Northeast,Entertainment Center,2025,3,7,29,53,15,15,4,1660.76,1533.98,0.0,126.78,18,760,2,238.28,128.61,273.51,212.63,160.45,13.5
2025-07-20,LOC0006,Jasonview Gaming Center,Southwest,Casino,2025,3,7,29,285,45,45,12,9867.63,8943.18,0.0,924.45,39,625,0,512.67,653.02,521.86,483.91,504.38,35.75
2025-07-20,LOC0007,Meganton Gaming Center,Northeast,Casino,2025,3,7,29,287,52,51,14,10237.47,9313.88,0.0,923.59,55,1587,0,756.15,870.28,759.93,725.27,635.86,49.25
2025-07-20,LOC0008,Lake Victor Gaming Center,Southeast,Bar,2025,3,7,29,134,29,29,9,3370.71,2994.57,0.0,376.14,37,1232,0,746.25,636.2,555.67,572.52,429.58,33.25
2025-07-20,LOC0009,Coxberg Gaming Center,West,Entertainment Center,2025,3,7,29,205,36,36,8,7674.67,7211.95,0.0,462.72,34,490,0,424.82,273.07,320.69,324.23,289.33,25.5
2025-07-20,LOC0010,South Patrickmouth Gaming Center,Northeast,Entertainment Center,2025,3,7,29,113,20,20,5,3884.03,3590.49,0.0,293.54,11,215,0,152.57,209.04,194.74,160.13,225.4,15.75
2025-07-27,LOC0001,North Judithbury Gaming Center,Northeast,Casino,2025,3,7,30,155,35,35,10,5293.3,4795.32,1697.22,497.98,27,404,0,568.84,240.03,436.79,396.82,389.33,34.0
2025-07-27,LOC0002,North Jefferyhaven Gaming Center,Midwest,Bar,2025,3,7,30,272,45,44,11,7729.93,6983.92,1319.48,746.01,40,968,0,402.09,1011.63,452.04,564.36,584.34,32.75
2025-07-27,LOC0003,Lake Roberto Gaming Center,Southeast,Bar,2025,3,7,30,136,18,18,7,3016.83,2714.98,0.0,301.85,36,1108,2,303.08,488.68,416.39,361.33,313.43,22.75
2025-07-27,LOC0004,Lake Stephenville Gaming Center,Northeast,Entertainment Center,2025,3,7,30,167,42,42,10,5987.59,5478.54,0.0,509.05,40,1435,1,397.88,590.57,569.13,530.97,456.62,34.25
2025-07-27,LOC0005,North Donnaport Gaming Center,Northeast,Entertainment Center,2025,3,7,30,69,15,15,4,2322.96,2151.96,0.0,171.0,21,500,0,126.78,238.28,210.1,175.94,162.85,14.25
2025-07-27,LOC0006,Jasonview Gaming Center,Southwest,Casino,2025,3,7,30,341,61,60,12,10388.13,9672.69,1914.57,715.44,31,565,0,924.45,512.67,248.08,584.56,547.35,36.0
2025-07-27,LOC0007,Meganton Gaming Center,Northeast,Casino,2025,3,7,30,366,58,56,14,12141.76,11263.98,0.0,877.78,52,1683,1,923.59,756.15,514.73,766.19,681.91,51.0
2025-07-27,LOC0008,Lake Victor Gaming Center,Southeast,Bar,2025,3,7,30,216,34,34,8,7255.77,6626.47,0.0,629.3,39,1242,0,376.14,746.25,351.94,527.63,448.91,34.5
2025-07-27,LOC0009,Coxberg Gaming Center,West,Entertainment Center,2025,3,7,30,157,32,32,8,5559.7,4840.27,1443.71,719.43,35,928,0,462.72,424.82,278.32,359.73,315.61,28.0
2025-07-27,LOC0010,South Patrickmouth Gaming Center,Northeast,Entertainment Center,2025,3,7,30,96,19,19,5,2693.79,2434.44,0.0,259.35,17,294,0,293.54,152.57,84.16,184.83,233.61,17.25
2025-08-03,LOC0001,North Judithbury Gaming Center,Northeast,Casino,2025,3,8,31,233,41,39,10,7026.5,6464.27,0.0,562.23,34,574,0,497.98,568.84,341.6,412.11,398.56,33.5
2025-08-03,LOC0002,North Jefferyhaven Gaming Center,Midwest,Bar,2025,3,8,31,248,44,42,11,7769.78,7153.0,0.0,616.78,49,1441,1,746.01,402.09,391.66,637.85,636.72,35.75
2025-08-03,LOC0003,Lake Roberto Gaming Center,Southeast,Bar,2025,3,8,31,171,31,30,8,4446.8,4064.97,0.0,381.83,33,1265,3,301.85,303.08,237.15,332.69,301.92,20.75
2025-08-03,LOC0004,Lake Stephenville Gaming Center,Northeast,Entertainment Center,2025,3,8,31,132,32,32,10,4978.39,4516.25,0.0,462.14,41,1408,2,509.05,397.88,566.31,515.95,472.04,34.75
2025-08-03,LOC0005,North Donnaport Gaming Center,Northeast,Entertainment Center,2025,3,8,31,104,18,18,4,2472.91,2239.32,0.0,233.59,12,404,1,171.0,126.78,128.61,166.17,166.27,14.0
2025-08-03,LOC0006,Jasonview Gaming Center,Southwest,Casino,2025,3,8,31,228,47,47,10,7554.42,6884.04,735.83,670.38,35,969,2,715.44,924.45,653.02,701.4,554.23,45.0
2025-08-03,LOC0007,Meganton Gaming Center,Northeast,Casino,2025,3,8,31,358,54,53,14,12520.67,11443.89,1672.25,1076.78,59,1568,1,877.78,923.59,870.28,856.95,724.39,54.0
2025-08-03,LOC0008,Lake Victor Gaming Center,Southeast,Bar,2025,3,8,31,163,37,37,8,5816.94,5296.42,0.0,520.52,38,1083,1,629.3,376.14,636.2,596.97,490.68,37.0
2025-08-03,LOC0009,Coxberg Gaming Center,West,Entertainment Center,2025,3,8,31,124,29,29,8,3194.7,2838.61,0.0,356.09,29,743,1,719.43,462.72,273.07,470.01,368.83,30.25
2025-08-03,LOC0010,South Patrickmouth Gaming Center,Northeast,Entertainment Center,2025,3,8,31,83,13,13,5,2156.3,1965.79,0.0,190.51,15,215,0,259.35,293.54,209.04,228.63,240.38,19.75
2025-08-10,LOC0001,North Judithbury Gaming Center,Northeast,Casino,2025,3,8,32,191,34,34,9,6160.33,5623.66,0.0,536.67,22,416,0,562.23,497.98,240.03,467.27,402.76,34.75
2025-08-10,LOC0002,North Jefferyhaven Gaming Center,Midwest,Bar,2025,3,8,32,309,55,54,11,14097.36,13034.6,0.0,1062.76,36,1245,2,616.78,746.01,1011.63,694.13,614.34,39.5
2025-08-10,LOC0003,Lake Roberto Gaming Center,Southeast,Bar,2025,3,8,32,119,24,24,8,5830.31,5286.09,0.0,544.22,38,805,1,381.83,301.85,488.68,368.86,325.69,24.0
2025-08-10,LOC0004,Lake Stephenville Gaming Center,Northeast,Entertainment Center,2025,3,8,32,190,38,38,10,5005.67,4615.02,0.0,390.65,38,1197,2,462.14,509.05,590.57,489.91,479.56,36.25
2025-08-10,LOC0005,North Donnaport Gaming Center,Northeast,Entertainment Center,2025,3,8,32,62,13,13,4,2210.15,1992.07,0.0,218.08,14,445,2,233.59,171.0,238.28,192.41,180.72,15.75
2025-08-10,LOC0006,Jasonview Gaming Center,Southwest,Casino,2025,3,8,32,284,43,43,12,10960.76,10081.25,0.0,879.51,35,928,0,670.38,715.44,512.67,705.74,576.2,48.25
2025-08-10,LOC0007,Meganton Gaming Center,Northeast,Casino,2025,3,8,32,251,46,45,14,6748.5,6126.91,0.0,621.59,53,1195,2,1076.78,877.78,756.15,908.58,790.65,54.25
2025-08-10,LOC0008,Lake Victor Gaming Center,Southeast,Bar,2025,3,8,32,165,37,37,9,6034.71,5488.82,0.0,545.89,42,933,1,520.52,629.3,746.25,568.05,514.67,33.75
2025-08-10,LOC0009,Coxberg Gaming Center,West,Entertainment Center,2025,3,8,32,163,27,27,7,4461.38,4138.19,851.46,323.19,28,713,0,356.09,719.43,424.82,490.77,375.54,31.75
2025-08-10,LOC0010,South Patrickmouth Gaming Center,Northeast,Entertainment Center,2025,3,8,32,172,24,24,5,5149.03,4626.06,0.0,522.97,19,238,0,190.51,259.35,152.57,223.99,212.86,16.75
2025-08-17,LOC0001,North Judithbury Gaming Center,Northeast,Casino,2025,3,8,33,261,45,44,9,7149.26,6615.37,0.0,533.89,34,992,2,536.67,562.23,568.84,541.43,438.22,35.0
2025-08-17,LOC0002,North Jefferyhaven Gaming Center,Midwest,Bar,2025,3,8,33,220,42,42,10,6299.96,5660.68,1328.36,639.28,40,1518,3,1062.76,616.78,402.09,706.91,648.86,43.25
2025-08-17,LOC0003,Lake Roberto Gaming Center,Southeast,Bar,2025,3,8,33,201,23,23,8,7613.19,6934.72,0.0,678.47,33,716,0,544.22,381.83,303.08,382.75,369.78,23.0
2025-08-17,LOC0004,Lake Stephenville Gaming Center,Northeast,Entertainment Center,2025,3,8,33,187,32,32,10,7383.52,6720.96,0.0,662.56,41,1445,3,390.65,462.14,397.88,439.93,486.93,37.25
2025-08-17,LOC0005,North Donnaport Gaming Center,Northeast,Entertainment Center,2025,3,8,33,93,14,14,4,3241.55,2933.2,0.0,308.35,13,506,1,218.08,233.59,126.78,187.36,199.99,15.25
2025-08-17,LOC0006,Jasonview Gaming Center,Southwest,Casino,2025,3,8,33,248,49,46,12,7849.97,7117.17,1167.9,732.8,36,894,0,879.51,670.38,924.45,797.45,640.68,49.0
2025-08-17,LOC0007,Meganton Gaming Center,Northeast,Casino,2025,3,8,33,326,59,58,14,11283.88,10302.16,0.0,981.72,63,2429,2,621.59,1076.78,923.59,874.94,800.1,52.5
2025-08-17,LOC0008,Lake Victor Gaming Center,Southeast,Bar,2025,3,8,33,224,37,37,8,7693.25,6884.28,0.0,808.97,35,1080,1,545.89,520.52,376.14,517.96,545.24,34.25
2025-08-17,LOC0009,Coxberg Gaming Center,West,Entertainment Center,2025,3,8,33,172,28,27,8,6451.3,5870.77,0.0,580.53,25,812,1,323.19,356.09,462.72,465.36,394.79,31.0
2025-08-17,LOC0010,South Patrickmouth Gaming Center,Northeast,Entertainment Center,2025,3,8,33,98,19,19,5,2563.11,2290.94,0.0,272.17,18,701,1,522.97,190.51,293.54,316.59,238.36,19.0
2025-08-24,LOC0001,North Judithbury Gaming Center,Northeast,Casino,2025,3,8,34,219,38,36,9,7323.46,6776.18,0.0,547.28,28,742,1,533.89,536.67,497.98,532.69,464.75,38.75
2025-08-24,LOC0002,North Jefferyhaven Gaming Center,Midwest,Bar,2025,3,8,34,313,52,52,11,10306.97,9364.33,0.0,942.64,40,977,0,639.28,1062.76,746.01,766.21,665.28,46.5
2025-08-24,LOC0003,Lake Roberto Gaming Center,Southeast,Bar,2025,3,8,34,215,29,29,7,7168.48,6573.69,1630.77,594.79,39,757,0,678.47,544.22,301.85,476.59,418.96,24.0
2025-08-24,LOC0004,Lake Stephenville Gaming Center,Northeast,Entertainment Center,2025,3,8,34,228,40,40,10,8289.94,7575.63,484.6,714.31,52,1377,1,662.56,390.65,509.05,506.1,518.54,36.0
2025-08-24,LOC0005,North Donnaport Gaming Center,Northeast,Entertainment Center,2025,3,8,34,114,19,19,4,3335.69,2983.01,0.0,352.68,8,92,1,308.35,218.08,171.0,232.76,204.35,15.0
2025-08-24,LOC0006,Jasonview Gaming Center,Southwest,Casino,2025,3,8,34,335,57,57,12,9987.64,9111.12,0.0,876.52,26,661,0,732.8,879.51,715.44,749.53,667.04,50.0
2025-08-24,LOC0007,Meganton Gaming Center,Northeast,Casino,2025,3,8,34,328,64,63,15,11012.69,9967.98,0.0,1044.71,52,1504,1,981.72,621.59,877.78,889.47,827.83,54.25
2025-08-24,LOC0008,Lake Victor Gaming Center,Southeast,Bar,2025,3,8,34,180,32,32,9,6409.35,5791.26,0.0,618.09,34,1162,1,808.97,545.89,629.3,626.17,576.9,36.25
2025-08-24,LOC0009,Coxberg Gaming Center,West,Entertainment Center,2025,3,8,34,175,31,31,8,5976.04,5503.02,1173.87,473.02,29,701,0,580.53,323.19,719.43,494.81,427.27,29.0
2025-08-24,LOC0010,South Patrickmouth Gaming Center,Northeast,Entertainment Center,2025,3,8,34,121,19,19,5,2718.53,2521.15,0.0,197.38,14,481,0,272.17,522.97,259.35,311.25,248.04,18.75
2025-08-31,LOC0001,North Judithbury Gaming Center,Northeast,Casino,2025,3,8,35,224,45,45,10,5771.87,5203.91,0.0,567.96,26,396,0,547.28,533.89,562.23,545.02,478.57,39.5
2025-08-31,LOC0002,North Jefferyhaven Gaming Center,Midwest,Bar,2025,3,8,35,283,47,47,11,8181.18,7351.13,0.0,830.05,40,987,1,942.64,639.28,616.78,815.37,726.61,48.25
2025-08-31,LOC0003,Lake Roberto Gaming Center,Southeast,Bar,2025,3,8,35,171,33,32,8,5811.02,5351.43,0.0,459.59,40,1396,1,594.79,678.47,381.83,549.83,441.26,26.75
2025-08-31,LOC0004,Lake Stephenville Gaming Center,Northeast,Entertainment Center,2025,3,8,35,223,42,42,10,8683.08,7955.61,0.0,727.47,36,1271,4,714.31,662.56,462.14,557.42,536.68,35.5
2025-08-31,LOC0005,North Donnaport Gaming Center,Northeast,Entertainment Center,2025,3,8,35,107,20,20,4,4060.27,3686.42,0.0,373.85,8,102,0,352.68,308.35,233.59,278.18,222.17,16.0
2025-08-31,LOC0006,Jasonview Gaming Center,Southwest,Casino,2025,3,8,35,311,56,56,12,9296.88,8421.41,0.0,875.47,34,894,1,876.52,732.8,670.38,789.8,745.6,49.0
2025-08-31,LOC0007,Meganton Gaming Center,Northeast,Casino,2025,3,8,35,364,65,63,15,11807.65,10745.21,0.0,1062.44,63,1372,0,1044.71,981.72,1076.78,931.2,894.08,55.75
2025-08-31,LOC0008,Lake Victor Gaming Center,Southeast,Bar,2025,3,8,35,171,46,46,9,7231.62,6535.43,0.0,696.19,35,1716,3,618.09,808.97,520.52,623.37,610.17,35.75
2025-08-31,LOC0009,Coxberg Gaming Center,West,Entertainment Center,2025,3,8,35,197,43,43,8,5372.52,4878.99,0.0,493.53,36,661,0,473.02,580.53,356.09,433.21,451.61,28.75
2025-08-31,LOC0010,South Patrickmouth Gaming Center,Northeast,Entertainment Center,2025,3,8,35,135,20,20,5,3307.11,2992.69,0.0,314.42,29,707,0,197.38,272.17,190.51,295.76,262.19,18.75
2025-09-07,LOC0001,North Judithbury Gaming Center,Northeast,Casino,2025,3,9,36,174,38,38,10,7715.0,7111.26,0.0,603.74,26,514,0,567.96,547.28,536.67,546.45,506.86,40.5
2025-09-07,LOC0002,North Jefferyhaven Gaming Center,Midwest,Bar,2025,3,9,36,384,62,62,11,14076.41,12927.78,0.0,1148.63,44,1234,1,830.05,942.64,1062.76,868.68,781.41,49.0
2025-09-07,LOC0003,Lake Roberto Gaming Center,Southeast,Bar,2025,3,9,36,178,30,30,8,6112.91,5588.39,0.0,524.52,33,931,0,459.59,594.79,544.22,569.27,469.06,27.25
2025-09-07,LOC0004,Lake Stephenville Gaming Center,Northeast,Entertainment Center,2025,3,9,36,209,40,39,10,6437.09,5823.29,190.81,613.8,34,830,0,727.47,714.31,390.65,623.75,556.83,38.0
2025-09-07,LOC0005,North Donnaport Gaming Center,Northeast,Entertainment Center,2025,3,9,36,152,23,23,4,4650.5,4199.52,1894.0,450.98,19,380,1,373.85,352.68,218.08,313.24,252.83,16.5
2025-09-07,LOC0006,Jasonview Gaming Center,Southwest,Casino,2025,3,9,36,319,50,50,12,10371.11,9424.66,0.0,946.45,38,1089,0,875.47,876.52,879.51,841.08,773.41,51.25
2025-09-07,LOC0007,Meganton Gaming Center,Northeast,Casino,2025,3,9,36,403,69,68,15,18714.06,17356.31,0.0,1357.75,57,1120,0,1062.44,1044.71,621.59,927.62,918.1,58.5
2025-09-07,LOC0008,Lake Victor Gaming Center,Southeast,Bar,2025,3,9,36,159,32,32,9,3799.8,3463.16,0.0,336.64,36,1034,0,696.19,618.09,545.89,667.29,617.67,38.0
2025-09-07,LOC0009,Coxberg Gaming Center,West,Entertainment Center,2025,3,9,36,153,27,26,7,4756.96,4253.66,0.0,503.3,40,974,0,493.53,473.02,323.19,467.57,479.17,32.25
2025-09-07,LOC0010,South Patrickmouth Gaming Center,Northeast,Entertainment Center,2025,3,9,36,64,15,15,4,1724.54,1568.97,0.0,155.57,21,237,0,314.42,197.38,522.97,326.74,275.36,20.5
2025-09-14,LOC0001,North Judithbury Gaming Center,Northeast,Casino,2025,3,9,37,254,45,45,10,8743.29,7925.23,2058.52,818.06,22,425,0,603.74,567.96,533.89,563.22,552.32,41.5
2025-09-14,LOC0002,North Jefferyhaven Gaming Center,Midwest,Bar,2025,3,9,37,260,45,45,11,8195.12,7446.56,0.0,748.56,31,935,1,1148.63,830.05,639.28,890.15,798.53,50.75
2025-09-14,LOC0003,Lake Roberto Gaming Center,Southeast,Bar,2025,3,9,37,215,35,34,8,9571.22,8838.42,0.0,732.8,29,853,1,524.52,459.59,678.47,564.34,473.54,28.75
2025-09-14,LOC0004,Lake Stephenville Gaming Center,Northeast,Entertainment Center,2025,3,9,37,221,43,43,10,5793.17,5254.65,2351.55,538.52,35,1042,0,613.8,727.47,662.56,679.54,559.73,38.5
2025-09-14,LOC0005,North Donnaport Gaming Center,Northeast,Entertainment Center,2025,3,9,37,100,18,18,4,2652.75,2365.36,0.0,287.39,22,948,2,450.98,373.85,308.35,371.47,279.41,19.0
2025-09-14,LOC0006,Jasonview Gaming Center,Southwest,Casino,2025,3,9,37,256,48,47,12,8139.22,7358.46,2220.64,780.76,32,536,0,946.45,875.47,732.8,857.81,827.63,53.0
2025-09-14,LOC0007,Meganton Gaming Center,Northeast,Casino,2025,3,9,37,222,45,45,15,7251.65,6603.07,0.0,648.58,49,1098,0,1357.75,1062.44,981.72,1111.66,993.3,64.25
2025-09-14,LOC0008,Lake Victor Gaming Center,Southeast,Bar,2025,3,9,37,172,34,34,8,4818.68,4394.75,0.0,423.93,32,758,0,336.64,696.19,808.97,614.97,566.47,36.75
2025-09-14,LOC0009,Coxberg Gaming Center,West,Entertainment Center,2025,3,9,37,177,33,33,8,5332.99,4705.17,0.0,627.82,29,791,1,503.3,493.53,580.53,512.6,488.98,32.25
2025-09-14,LOC0010,South Patrickmouth Gaming Center,Northeast,Entertainment Center,2025,3,9,37,102,25,25,5,2274.7,2106.97,0.0,167.73,14,748,0,155.57,314.42,272.17,234.89,275.74,18.25
2025-09-21,LOC0001,North Judithbury Gaming Center,Northeast,Casino,2025,3,9,38,223,39,38,10,7274.07,6669.89,0.0,604.18,24,267,0,818.06,603.74,547.28,634.26,583.48,41.5
2025-09-21,LOC0002,North Jefferyhaven Gaming Center,Midwest,Bar,2025,3,9,38,230,50,50,11,6981.53,6346.54,0.0,634.99,43,1134,1,748.56,1148.63,942.64,917.47,841.84,51.5
2025-09-21,LOC0003,Lake Roberto Gaming Center,Southeast,Bar,2025,3,9,38,155,32,32,8,4042.46,3606.76,0.0,435.7,32,1585,2,732.8,524.52,594.79,577.93,527.26,31.75
2025-09-21,LOC0004,Lake Stephenville Gaming Center,Northeast,Entertainment Center,2025,3,9,38,249,48,47,10,5685.7,5191.35,1937.76,494.35,34,621,0,538.52,613.8,714.31,648.53,577.31,41.25
2025-09-21,LOC0005,North Donnaport Gaming Center,Northeast,Entertainment Center,2025,3,9,38,124,21,21,4,4536.27,4130.36,2026.77,405.91,18,366,0,287.39,450.98,352.68,366.23,299.49,20.0
2025-09-21,LOC0006,Jasonview Gaming Center,Southwest,Casino,2025,3,9,38,254,52,52,12,10793.33,9870.4,0.0,922.93,42,698,0,780.76,946.45,876.52,869.8,809.67,52.75
2025-09-21,LOC0007,Meganton Gaming Center,Northeast,Casino,2025,3,9,38,388,54,54,15,15248.75,13841.61,0.0,1407.14,52,1369,0,648.58,1357.75,1044.71,1028.37,958.92,60.75
2025-09-21,LOC0008,Lake Victor Gaming Center,Southeast,Bar,2025,3,9,38,163,39,39,9,3715.97,3363.34,0.0,352.63,36,1108,2,423.93,336.64,618.09,518.71,572.44,36.0
2025-09-21,LOC0009,Coxberg Gaming Center,West,Entertainment Center,2025,3,9,38,214,39,39,8,7280.48,6534.97,0.0,745.51,28,1224,0,627.82,503.3,473.02,524.42,509.61,33.5
2025-09-21,LOC0010,South Patrickmouth Gaming Center,Northeast,Entertainment Center,2025,3,9,38,141,28,28,5,5309.29,4923.17,0.0,386.12,20,793,0,167.73,155.57,197.38,208.78,260.01,19.75
2025-09-28,LOC0001,North Judithbury Gaming Center,Northeast,Casino,2025,3,9,39,253,46,46,10,10687.51,9803.7,0.0,883.81,26,298,0,604.18,818.06,567.96,648.49,596.75,41.75
2025-09-28,LOC0002,North Jefferyhaven Gaming Center,Midwest,Bar,2025,3,9,39,242,49,48,11,5984.91,5468.8,0.0,516.11,29,672,0,634.99,748.56,830.05,840.56,827.96,51.0
2025-09-28,LOC0003,Lake Roberto Gaming Center,Southeast,Bar,2025,3,9,39,196,39,39,8,8419.78,7615.41,0.0,804.37,27,700,0,435.7,732.8,459.59,538.15,543.99,32.5
2025-09-28,LOC0004,Lake Stephenville Gaming Center,Northeast,Entertainment Center,2025,3,9,39,215,43,42,10,8414.87,7679.57,2006.52,735.3,28,573,0,494.35,538.52,727.47,593.54,575.48,43.25
2025-09-28,LOC0005,North Donnaport Gaming Center,Northeast,Entertainment Center,2025,3,9,39,87,15,15,4,2999.8,2740.28,0.0,259.52,13,309,0,405.91,287.39,373.85,379.53,328.85,20.5
2025-09-28,LOC0006,Jasonview Gaming Center,Southwest,Casino,2025,3,9,39,275,50,50,12,9820.04,8845.83,0.0,974.21,29,561,0,922.93,780.76,875.47,881.4,835.6,51.5
2025-09-28,LOC0007,Meganton Gaming Center,Northeast,Casino,2025,3,9,39,342,64,64,15,10887.75,9871.46,1513.57,1016.29,48,1589,2,1407.14,648.58,1062.44,1118.98,1025.09,58.25
2025-09-28,LOC0008,Lake Victor Gaming Center,Southeast,Bar,2025,3,9,39,254,41,41,9,8451.61,7749.07,2143.26,702.54,36,809,0,352.63,423.93,696.19,452.35,537.86,37.75
2025-09-28,LOC0009,Coxberg Gaming Center,West,Entertainment Center,2025,3,9,39,211,36,36,8,6859.88,6240.52,3269.04,619.36,24,429,0,745.51,627.82,493.53,592.54,512.87,35.5
2025-09-28,LOC0010,South Patrickmouth Gaming Center,Northeast,Entertainment Center,2025,3,9,39,70,12,11,5,2600.28,2205.51,2359.0,394.77,19,365,1,386.12,167.73,314.42,255.96,275.86,22.0
2025-10-05,LOC0001,North Judithbury Gaming Center,Northeast,Casino,2025,4,10,40,207,44,44,10,8547.23,7892.94,0.0,654.29,25,487,0,883.81,604.18,603.74,727.45,636.95,42.0
2025-10-05,LOC0002,North Jefferyhaven Gaming Center,Midwest,Bar,2025,4,10,40,235,41,41,10,8892.39,8079.99,0.0,812.4,40,928,0,516.11,634.99,1148.63,762.07,815.38,51.5
2025-10-05,LOC0003,Lake Roberto Gaming Center,Southeast,Bar,2025,4,10,40,218,31,31,8,6744.25,6147.51,0.0,596.74,33,862,1,804.37,435.7,524.52,624.35,596.81,34.0
2025-10-05,LOC0004,Lake Stephenville Gaming Center,Northeast,Entertainment Center,2025,4,10,40,243,39,39,10,7354.86,6769.98,0.0,584.88,48,1321,1,735.3,494.35,613.8,595.49,609.62,43.5
2025-10-05,LOC0005,North Donnaport Gaming Center,Northeast,Entertainment Center,2025,4,10,40,112,19,19,4,3405.04,3113.55,0.0,291.49,13,501,1,259.52,405.91,450.98,350.95,332.1,19.25
2025-10-05,LOC0006,Jasonview Gaming Center,Southwest,Casino,2025,4,10,40,279,55,55,11,10763.26,9709.07,0.0,1054.19,48,829,0,974.21,922.93,946.45,906.09,873.58,50.0
2025-10-05,LOC0007,Meganton Gaming Center,Northeast,Casino,2025,4,10,40,461,76,73,15,13723.86,12502.22,185.13,1221.64,49,1264,1,1016.29,1407.14,1357.75,1107.44,1017.53,58.0
2025-10-05,LOC0008,Lake Victor Gaming Center,Southeast,Bar,2025,4,10,40,126,28,28,9,3718.95,3364.19,0.0,354.76,38,825,1,702.54,352.63,336.64,453.94,560.61,36.5
2025-10-05,LOC0009,Coxberg Gaming Center,West,Entertainment Center,2025,4,10,40,168,37,37,8,7535.45,6876.62,0.0,658.83,28,857,0,619.36,745.51,503.3,624.0,545.78,33.75
2025-10-05,LOC0010,South Patrickmouth Gaming Center,Northeast,Entertainment Center,2025,4,10,40,78,18,18,5,4610.05,4158.77,0.0,451.28,18,324,0,394.77,386.12,155.57,276.05,301.39,20.0
2025-10-12,LOC0001,North Judithbury Gaming Center,Northeast,Casino,2025,4,10,41,202,34,34,10,8794.38,8013.12,0.0,781.26,27,651,0,654.29,883.81,818.06,740.09,651.65,43.5
2025-10-12,LOC0002,North Jefferyhaven Gaming Center,Midwest,Bar,2025,4,10,41,328,54,54,11,9574.72,8650.13,0.0,924.59,31,1080,0,812.4,516.11,748.56,678.02,784.08,46.25
2025-10-12,LOC0003,Lake Roberto Gaming Center,Southeast,Bar,2025,4,10,41,146,33,33,8,4161.98,3741.06,0.0,420.92,19,572,0,596.74,804.37,732.8,642.4,603.37,34.25
2025-10-12,LOC0004,Lake Stephenville Gaming Center,Northeast,Entertainment Center,2025,4,10,41,254,47,47,9,8835.2,8082.07,0.0,753.13,35,1240,2,584.88,735.3,538.52,588.26,633.9,43.25
2025-10-12,LOC0005,North Donnaport Gaming Center,Northeast,Entertainment Center,2025,4,10,41,67,14,14,4,2368.39,2097.39,0.0,271.0,7,455,1,291.49,259.52,287.39,311.08,341.27,18.25
2025-10-12,LOC0006,Jasonview Gaming Center,Southwest,Casino,2025,4,10,41,196,42,42,12,7917.78,7205.33,0.0,712.45,31,561,0,1054.19,974.21,780.76,933.02,895.42,51.25
2025-10-12,LOC0007,Meganton Gaming Center,Northeast,Casino,2025,4,10,41,343,54,54,15,13810.79,12654.97,2214.97,1155.82,56,1824,1,1221.64,1016.29,648.58,1073.41,1092.53,59.75
2025-10-12,LOC0008,Lake Victor Gaming Center,Southeast,Bar,2025,4,10,41,146,30,30,9,5458.59,4982.6,0.0,475.99,60,2028,5,354.76,702.54,423.93,458.47,536.72,35.5
2025-10-12,LOC0009,Coxberg Gaming Center,West,Entertainment Center,2025,4,10,41,179,36,36,8,5078.2,4663.97,0.0,414.23,28,507,1,658.83,619.36,627.82,662.88,587.74,36.25
2025-10-12,LOC0010,South Patrickmouth Gaming Center,Northeast,Entertainment Center,2025,4,10,41,153,22,21,5,5675.97,5235.28,0.0,440.69,20,653,0,451.28,394.77,167.73,349.98,292.43,20.75
2025-10-19,LOC0001,North Judithbury Gaming Center,Northeast,Casino,2025,4,10,42,171,29,29,10,8462.36,7561.11,0.0,901.25,18,215,0,781.26,654.29,604.18,730.89,682.57,40.75
2025-10-19,LOC0002,North Jefferyhaven Gaming Center,Midwest,Bar,2025,4,10,42,194,38,36,11,5442.81,4915.91,0.0,526.9,41,1090,1,924.59,812.4,634.99,722.02,819.75,48.5
2025-10-19,LOC0003,Lake Roberto Gaming Center,Southeast,Bar,2025,4,10,42,86,18,18,7,1701.63,1523.95,0.0,177.68,24,653,1,420.92,596.74,435.7,564.43,571.18,33.75
2025-10-19,LOC0004,Lake Stephenville Gaming Center,Northeast,Entertainment Center,2025,4,10,42,148,33,33,9,3229.73,2917.09,788.91,312.64,36,834,1,753.13,584.88,494.35,641.92,645.22,44.25
2025-10-19,LOC0005,North Donnaport Gaming Center,Northeast,Entertainment Center,2025,4,10,42,85,14,14,4,2290.0,2121.78,540.29,168.22,17,318,0,271.0,291.49,405.91,306.98,336.6,17.25
2025-10-19,LOC0006,Jasonview Gaming Center,Southwest,Casino,2025,4,10,42,210,44,43,11,6004.64,5507.82,0.0,496.82,33,594,0,712.45,1054.19,922.93,915.95,892.87,49.75
2025-10-19,LOC0007,Meganton Gaming Center,Northeast,Casino,2025,4,10,42,237,46,46,15,8205.14,7556.91,0.0,648.23,54,1573,4,1155.82,1221.64,1407.14,1200.22,1114.3,62.0
2025-10-19,LOC0008,Lake Victor Gaming Center,Southeast,Bar,2025,4,10,42,142,25,25,9,3755.48,3435.38,0.0,320.1,34,823,1,475.99,354.76,352.63,471.48,495.1,34.5
2025-10-19,LOC0009,Coxberg Gaming Center,West,Entertainment Center,2025,4,10,42,207,32,32,7,7910.52,7153.26,0.0,757.26,32,818,3,414.23,658.83,745.51,609.48,566.95,37.0
2025-10-19,LOC0010,South Patrickmouth Gaming Center,Northeast,Entertainment Center,2025,4,10,42,105,18,18,5,6261.97,5685.88,0.0,576.09,15,338,0,440.69,451.28,386.12,418.22,313.5,20.0
2025-10-26,LOC0001,North Judithbury Gaming Center,Northeast,Casino,2025,4,10,43,79,16,16,9,2150.41,1971.3,0.0,179.11,24,314,0,901.25,781.26,883.81,805.15,726.82,38.25
2025-10-26,LOC0002,North Jefferyhaven Gaming Center,Midwest,Bar,2025,4,10,43,93,17,16,9,3257.67,2954.78,0.0,302.89,29,975,1,526.9,924.59,516.11,695.0,767.78,45.5
2025-10-26,LOC0003,Lake Roberto Gaming Center,Southeast,Bar,2025,4,10,43,69,10,10,7,3429.11,3122.85,0.0,306.26,17,385,1,177.68,420.92,804.37,499.93,519.04,30.25
2025-10-26,LOC0004,Lake Stephenville Gaming Center,Northeast,Entertainment Center,2025,4,10,43,129,25,25,9,3461.63,3194.88,0.0,266.75,34,637,0,312.64,753.13,735.3,596.49,595.01,40.5
2025-10-26,LOC0005,North Donnaport Gaming Center,Northeast,Entertainment Center,2025,4,10,43,39,6,6,4,974.6,928.05,0.0,46.55,16,455,0,168.22,271.0,259.52,247.56,313.55,15.5
2025-10-26,LOC0006,Jasonview Gaming Center,Southwest,Casino,2025,4,10,43,108,23,23,11,4101.69,3614.24,0.0,487.45,34,787,1,496.82,712.45,974.21,809.42,845.41,47.75
2025-10-26,LOC0007,Meganton Gaming Center,Northeast,Casino,2025,4,10,43,238,36,35,14,5717.26,5254.34,0.0,462.92,54,1469,0,648.23,1155.82,1016.29,1010.5,1064.74,60.0
2025-10-26,LOC0008,Lake Victor Gaming Center,Southeast,Bar,2025,4,10,43,55,11,11,8,2664.9,2387.51,0.0,277.39,39,1553,2,320.1,475.99,702.54,463.35,457.85,31.0
2025-10-26,LOC0009,Coxberg Gaming Center,West,Entertainment Center,2025,4,10,43,82,15,15,6,3875.41,3479.97,0.0,395.44,25,848,2,757.26,414.23,619.36,612.42,602.48,35.25
2025-10-26,LOC0010,South Patrickmouth Gaming Center,Northeast,Entertainment Center,2025,4,10,43,44,9,9,4,906.58,824.17,0.0,82.41,16,349,1,576.09,440.69,394.77,465.71,360.83,17.5
2025-11-02,LOC0001,North Judithbury Gaming Center,Northeast,Casino,2025,4,11,44,103,12,12,7,3291.55,2981.2,0.0,310.35,14,187,0,179.11,901.25,654.29,628.98,678.21,30.75
2025-11-02,LOC0002,North Jefferyhaven Gaming Center,Midwest,Bar,2025,4,11,44,68,17,17,10,2475.04,2272.1,426.69,202.94,33,1357,1,302.89,526.9,812.4,641.7,701.88,37.5
2025-11-02,LOC0003,Lake Roberto Gaming Center,Southeast,Bar,2025,4,11,44,187,27,25,8,5667.5,5102.81,0.0,564.69,27,1059,0,306.26,177.68,596.74,375.4,499.87,23.0
2025-11-02,LOC0004,Lake Stephenville Gaming Center,Northeast,Entertainment Center,2025,4,11,44,167,29,29,9,5880.69,5383.7,0.0,496.99,35,951,2,266.75,312.64,584.88,479.35,537.42,36.0
2025-11-02,LOC0005,North Donnaport Gaming Center,Northeast,Entertainment Center,2025,4,11,44,56,14,14,4,1432.65,1296.42,0.0,136.23,7,95,0,46.55,168.22,291.49,194.32,272.63,13.25
2025-11-02,LOC0006,Jasonview Gaming Center,Southwest,Casino,2025,4,11,44,248,31,31,11,8408.2,7593.08,0.0,815.12,24,274,0,487.45,496.82,1054.19,687.73,796.91,41.0
2025-11-02,LOC0007,Meganton Gaming Center,Northeast,Casino,2025,4,11,44,168,31,31,14,4867.01,4445.46,0.0,421.55,44,1116,1,462.92,648.23,1221.64,872.15,989.8,53.0
2025-11-02,LOC0008,Lake Victor Gaming Center,Southeast,Bar,2025,4,11,44,133,24,24,9,4945.81,4482.46,0.0,463.35,26,872,0,277.39,320.1,354.76,357.06,405.5,23.5
2025-11-02,LOC0009,Coxberg Gaming Center,West,Entertainment Center,2025,4,11,44,124,17,17,7,3862.33,3520.84,0.0,341.49,28,670,0,395.44,757.26,658.83,556.44,590.22,30.0
2025-11-02,LOC0010,South Patrickmouth Gaming Center,Northeast,Entertainment Center,2025,4,11,44,52,10,10,5,1445.49,1333.92,0.0,111.57,16,266,0,82.41,576.09,451.28,387.62,331.83,16.75
2025-11-09,LOC0001,North Judithbury Gaming Center,Northeast,Casino,2025,4,11,45,340,51,51,10,9524.83,8837.13,2385.52,687.7,25,521,1,310.35,179.11,781.26,542.99,641.54,22.75
2025-11-09,LOC0002,North Jefferyhaven Gaming Center,Midwest,Bar,2025,4,11,45,385,62,62,11,13633.74,12359.63,0.0,1274.11,28,871,0,202.94,302.89,924.59,489.33,583.67,31.5
2025-11-09,LOC0003,Lake Roberto Gaming Center,Southeast,Bar,2025,4,11,45,220,38,38,8,9036.39,8133.26,0.0,903.13,22,767,1,564.69,306.26,420.92,367.39,504.9,22.0
2025-11-09,LOC0004,Lake Stephenville Gaming Center,Northeast,Entertainment Center,2025,4,11,45,324,49,49,10,10590.48,9542.8,0.0,1047.68,27,682,0,496.99,266.75,753.13,457.38,522.82,33.5
2025-11-09,LOC0005,North Donnaport Gaming Center,Northeast,Entertainment Center,2025,4,11,45,103,15,15,4,3233.6,2917.5,0.0,316.1,15,566,2,136.23,46.55,271.0,155.5,233.29,12.0
2025-11-09,LOC0006,Jasonview Gaming Center,Southwest,Casino,2025,4,11,45,374,65,63,12,11194.67,10285.11,0.0,909.56,22,306,0,815.12,487.45,712.45,627.96,780.49,35.0
2025-11-09,LOC0007,Meganton Gaming Center,Northeast,Casino,2025,4,11,45,488,76,76,15,15373.63,13992.57,0.0,1381.06,44,1402,1,421.55,462.92,1155.82,672.13,872.77,41.75
2025-11-09,LOC0008,Lake Victor Gaming Center,Southeast,Bar,2025,4,11,45,348,56,55,9,11270.28,10271.84,0.0,998.44,26,819,0,463.35,277.39,475.99,384.21,421.34,22.5
2025-11-09,LOC0009,Coxberg Gaming Center,West,Entertainment Center,2025,4,11,45,235,47,46,8,7985.16,7114.1,0.0,871.06,35,1308,2,341.49,395.44,414.23,477.11,569.99,25.0
2025-11-09,LOC0010,South Patrickmouth Gaming Center,Northeast,Entertainment Center,2025,4,11,45,168,29,29,5,5723.72,5268.76,0.0,454.96,10,183,1,111.57,82.41,440.69,302.69,326.33,14.75
2025-11-16,LOC0001,North Judithbury Gaming Center,Northeast,Casino,2025,4,11,46,515,81,80,10,24682.96,22628.25,0.0,2054.71,19,215,0,687.7,310.35,901.25,519.6,625.24,27.0
2025-11-16,LOC0002,North Jefferyhaven Gaming Center,Midwest,Bar,2025,4,11,46,529,92,89,11,18272.75,16688.49,0.0,1584.26,20,348,0,1274.11,202.94,526.9,576.71,649.37,33.5
2025-11-16,LOC0003,Lake Roberto Gaming Center,Southeast,Bar,2025,4,11,46,291,56,56,8,9889.22,8955.67,0.0,933.55,13,273,1,903.13,564.69,177.68,487.94,526.19,23.25
2025-11-16,LOC0004,Lake Stephenville Gaming Center,Northeast,Entertainment Center,2025,4,11,46,383,72,71,10,15447.08,13883.27,0.0,1563.81,30,802,1,1047.68,496.99,312.64,531.02,586.47,34.0
2025-11-16,LOC0005,North Donnaport Gaming Center,Northeast,Entertainment Center,2025,4,11,46,142,30,30,4,4142.59,3776.65,0.0,365.94,7,96,0,316.1,136.23,168.22,166.78,236.88,12.25
2025-11-16,LOC0006,Jasonview Gaming Center,Southwest,Casino,2025,4,11,46,561,90,90,12,16297.81,14852.18,0.0,1445.63,29,493,0,909.56,815.12,496.82,677.24,796.59,40.75
2025-11-16,LOC0007,Meganton Gaming Center,Northeast,Casino,2025,4,11,46,632,103,101,15,26843.36,24275.39,2160.5,2567.97,39,1334,0,1381.06,421.55,648.23,728.44,964.33,47.25
2025-11-16,LOC0008,Lake Victor Gaming Center,Southeast,Bar,2025,4,11,46,441,80,78,9,19854.21,18122.53,0.0,1731.68,17,524,1,998.44,463.35,320.1,514.82,493.15,29.0
2025-11-16,LOC0009,Coxberg Gaming Center,West,Entertainment Center,2025,4,11,46,249,49,48,8,8814.22,8002.47,0.0,811.75,20,394,1,871.06,341.49,757.26,591.31,600.4,27.75
2025-11-16,LOC0010,South Patrickmouth Gaming Center,Northeast,Entertainment Center,2025,4,11,46,181,30,30,5,7222.23,6515.32,0.0,706.91,11,264,0,454.96,111.57,576.09,306.26,362.24,16.5
2025-11-23,LOC0001,North Judithbury Gaming Center,Northeast,Casino,2025,4,11,47,415,80,77,10,14197.77,12836.01,0.0,1361.76,10,173,0,2054.71,687.7,179.11,807.97,806.56,40.0
2025-11-23,LOC0002,North Jefferyhaven Gaming Center,Midwest,Bar,2025,4,11,47,592,97,96,11,22290.89,20227.38,0.0,2063.51,14,563,0,1584.26,1274.11,302.89,841.05,768.03,47.0
2025-11-23,LOC0003,Lake Roberto Gaming Center,Southeast,Bar,2025,4,11,47,461,74,73,8,12436.05,11307.49,0.0,1128.56,10,344,0,933.55,903.13,306.26,676.91,588.42,32.75
2025-11-23,LOC0004,Lake Stephenville Gaming Center,Northeast,Entertainment Center,2025,4,11,47,468,78,78,10,17053.97,15547.16,0.0,1506.81,19,496,0,1563.81,1047.68,266.75,843.81,720.15,43.75
2025-11-23,LOC0005,North Donnaport Gaming Center,Northeast,Entertainment Center,2025,4,11,47,142,32,32,4,3214.85,2950.53,1298.07,264.32,8,191,0,365.94,316.1,46.55,216.21,231.88,16.25
2025-11-23,LOC0006,Jasonview Gaming Center,Southwest,Casino,2025,4,11,47,517,97,97,12,19262.09,17482.92,0.0,1779.17,19,253,0,1445.63,909.56,487.45,914.44,861.93,52.25
2025-11-23,LOC0007,Meganton Gaming Center,Northeast,Casino,2025,4,11,47,687,130,127,15,23543.95,21665.34,2602.42,1878.61,26,574,0,2567.97,1381.06,462.92,1208.38,1109.44,61.5
2025-11-23,LOC0008,Lake Victor Gaming Center,Southeast,Bar,2025,4,11,47,486,79,78,9,14020.3,12779.63,0.0,1240.67,17,606,1,1731.68,998.44,277.39,867.72,665.53,42.75
2025-11-23,LOC0009,Coxberg Gaming Center,West,Entertainment Center,2025,4,11,47,361,62,61,8,13306.45,12043.51,0.0,1262.94,18,410,1,811.75,871.06,395.44,604.94,608.68,32.0
2025-11-23,LOC0010,South Patrickmouth Gaming Center,Northeast,Entertainment Center,2025,4,11,47,221,40,39,5,6918.58,6248.85,1552.46,669.73,11,215,0,706.91,454.96,82.41,338.96,402.34,19.5
2025-11-30,LOC0001,North Judithbury Gaming Center,Northeast,Casino,2025,4,11,48,600,96,95,10,19371.34,17611.55,0.0,1759.79,18,324,0,1361.76,2054.71,310.35,1103.63,866.3,56.0
2025-11-30,LOC0002,North Jefferyhaven Gaming Center,Midwest,Bar,2025,4,11,48,663,108,108,11,20659.26,18709.79,1568.39,1949.47,27,1153,2,2063.51,1584.26,202.94,1281.21,961.45,67.0
2025-11-30,LOC0003,Lake Roberto Gaming Center,Southeast,Bar,2025,4,11,48,553,90,89,8,17264.35,15623.58,0.0,1640.77,12,420,0,1128.56,933.55,564.69,882.48,628.94,48.75
2025-11-30,LOC0004,Lake Stephenville Gaming Center,Northeast,Entertainment Center,2025,4,11,48,656,94,94,10,18592.6,17122.43,1050.67,1470.17,26,598,1,1506.81,1563.81,496.99,1153.82,816.59,57.0
2025-11-30,LOC0005,North Donnaport Gaming Center,Northeast,Entertainment Center,2025,4,11,48,240,41,41,4,12629.82,11498.01,0.0,1131.81,5,55,0,264.32,365.94,136.23,270.65,232.48,22.75
2025-11-30,LOC0006,Jasonview Gaming Center,Southwest,Casino,2025,4,11,48,670,116,113,12,20281.27,18307.69,959.23,1973.58,16,245,1,1779.17,1445.63,815.12,1237.37,962.55,70.75
2025-11-30,LOC0007,Meganton Gaming Center,Northeast,Casino,2025,4,11,48,877,144,141,15,32041.67,29013.3,0.0,3028.37,33,990,0,1878.61,2567.97,421.55,1562.3,1217.23,85.0
2025-11-30,LOC0008,Lake Victor Gaming Center,Southeast,Bar,2025,4,11,48,469,82,82,9,15384.69,13931.69,1343.37,1453.0,20,705,3,1240.67,1731.68,463.35,1108.54,732.8,59.75
2025-11-30,LOC0009,Coxberg Gaming Center,West,Entertainment Center,2025,4,11,48,529,82,80,8,21000.59,18960.42,0.0,2040.17,13,303,1,1262.94,811.75,341.49,821.81,689.13,43.75
2025-11-30,LOC0010,South Patrickmouth Gaming Center,Northeast,Entertainment Center,2025,4,11,48,285,51,51,5,12810.33,11661.82,0.0,1148.51,10,233,0,669.73,706.91,111.57,485.79,436.71,27.25
2025-12-07,LOC0001,North Judithbury Gaming Center,Northeast,Casino,2025,4,12,49,533,103,100,10,21541.03,19437.26,409.53,2103.77,30,797,1,1759.79,1361.76,687.7,1465.99,1004.49,77.0
2025-12-07,LOC0002,North Jefferyhaven Gaming Center,Midwest,Bar,2025,4,12,49,655,106,102,11,20897.33,18976.12,1322.17,1921.21,48,963,0,1949.47,2063.51,1274.11,1717.84,1103.58,89.75
2025-12-07,LOC0003,Lake Roberto Gaming Center,Southeast,Bar,2025,4,12,49,422,66,64,8,19628.72,17795.88,158.29,1832.84,49,1851,4,1640.77,1128.56,903.13,1151.5,759.45,64.5
2025-12-07,LOC0004,Lake Stephenville Gaming Center,Northeast,Entertainment Center,2025,4,12,49,415,87,85,10,15819.04,14374.62,0.0,1444.42,48,2051,3,1470.17,1506.81,1047.68,1397.12,927.25,73.25
2025-12-07,LOC0005,North Donnaport Gaming Center,Northeast,Entertainment Center,2025,4,12,49,188,37,36,4,4782.69,4369.84,0.0,412.85,18,740,1,1131.81,264.32,316.1,519.54,337.52,29.5
2025-12-07,LOC0006,Jasonview Gaming Center,Southwest,Casino,2025,4,12,49,723,121,120,12,32184.7,29211.59,2439.27,2973.11,39,630,1,1973.58,1779.17,909.56,1526.99,1077.47,92.0
2025-12-07,LOC0007,Meganton Gaming Center,Northeast,Casino,2025,4,12,49,695,125,121,15,26670.8,24190.16,0.0,2480.64,62,1607,2,3028.37,1878.61,1381.06,2214.0,1443.07,113.25
2025-12-07,LOC0008,Lake Victor Gaming Center,Southeast,Bar,2025,4,12,49,538,92,92,9,18377.8,16669.53,1051.21,1708.27,56,1830,2,1453.0,1240.67,998.44,1355.95,870.08,74.25
2025-12-07,LOC0009,Coxberg Gaming Center,West,Entertainment Center,2025,4,12,49,479,80,79,8,16231.37,14748.59,0.0,1482.78,42,1322,3,2040.17,1262.94,871.06,1246.48,861.79,60.0
2025-12-07,LOC0010,South Patrickmouth Gaming Center,Northeast,Entertainment Center,2025,4,12,49,220,40,40,5,8483.95,7701.99,2126.02,781.96,20,517,1,1148.51,669.73,454.96,745.03,523.86,37.5
2025-12-14,LOC0001,North Judithbury Gaming Center,Northeast,Casino,2025,4,12,50,515,84,83,10,19799.88,17968.7,0.0,1831.18,25,519,2,2103.77,1759.79,2054.71,1820.01,1169.81,90.0
2025-12-14,LOC0002,North Jefferyhaven Gaming Center,Midwest,Bar,2025,4,12,50,700,113,112,11,23751.31,21875.62,1969.59,1875.69,52,1900,5,1921.21,1949.47,1584.26,1879.61,1228.16,100.75
2025-12-14,LOC0003,Lake Roberto Gaming Center,Southeast,Bar,2025,4,12,50,317,64,63,8,7194.03,6582.69,0.0,611.34,51,2336,3,1832.84,1640.77,933.55,1383.93,935.94,71.5
2025-12-14,LOC0004,Lake Stephenville Gaming Center,Northeast,Entertainment Center,2025,4,12,50,488,84,84,10,15287.67,13973.47,913.39,1314.2,52,1664,6,1444.42,1470.17,1563.81,1496.3,1013.66,82.75
2025-12-14,LOC0005,North Donnaport Gaming Center,Northeast,Entertainment Center,2025,4,12,50,152,28,28,4,6172.1,5690.15,0.0,481.95,28,837,1,412.85,1131.81,365.94,543.73,355.25,35.0
2025-12-14,LOC0006,Jasonview Gaming Center,Southwest,Casino,2025,4,12,50,669,107,106,12,21694.12,19465.08,0.0,2229.04,41,812,2,2973.11,1973.58,1445.63,2042.87,1360.06,106.0
2025-12-14,LOC0007,Meganton Gaming Center,Northeast,Casino,2025,4,12,50,821,130,128,15,30299.88,27594.81,1942.39,2705.07,72,2721,9,2480.64,3028.37,2567.97,2488.9,1608.67,125.5
2025-12-14,LOC0008,Lake Victor Gaming Center,Southeast,Bar,2025,4,12,50,480,87,84,9,17235.06,15855.54,0.0,1379.52,57,1752,5,1708.27,1453.0,1731.68,1533.41,1024.11,83.25
2025-12-14,LOC0009,Coxberg Gaming Center,West,Entertainment Center,2025,4,12,50,447,80,77,8,16278.26,14774.33,0.0,1503.93,32,553,1,1482.78,2040.17,811.75,1399.41,995.36,68.25
2025-12-14,LOC0010,South Patrickmouth Gaming Center,Northeast,Entertainment Center,2025,4,12,50,233,42,42,5,8133.91,7342.48,0.0,791.43,15,272,0,781.96,1148.51,706.91,826.78,566.52,40.25
2025-12-21,LOC0001,North Judithbury Gaming Center,Northeast,Casino,2025,4,12,51,402,75,74,10,11954.43,10858.02,0.0,1096.41,30,589,1,1831.18,2103.77,1361.76,1764.13,1286.05,90.75
2025-12-21,LOC0002,North Jefferyhaven Gaming Center,Midwest,Bar,2025,4,12,51,355,71,70,11,13716.93,12504.89,0.0,1212.04,53,1840,8,1875.69,1921.21,2063.51,1952.47,1396.76,106.0
2025-12-21,LOC0003,Lake Roberto Gaming Center,Southeast,Bar,2025,4,12,51,320,61,61,8,11632.1,10465.21,0.0,1166.89,45,1337,2,611.34,1832.84,1128.56,1303.38,990.14,73.5
2025-12-21,LOC0004,Lake Stephenville Gaming Center,Northeast,Entertainment Center,2025,4,12,51,437,71,71,10,10119.97,9305.85,452.92,814.12,51,1497,1,1314.2,1444.42,1506.81,1433.9,1138.85,85.75
2025-12-21,LOC0005,North Donnaport Gaming Center,Northeast,Entertainment Center,2025,4,12,51,228,28,27,4,7670.24,6972.62,0.0,697.62,18,766,1,481.95,412.85,264.32,572.73,394.47,34.5
2025-12-21,LOC0006,Jasonview Gaming Center,Southwest,Casino,2025,4,12,51,529,84,83,12,20912.02,19007.74,0.0,1904.28,36,795,1,2229.04,2973.11,1779.17,2238.73,1576.58,110.25
2025-12-21,LOC0007,Meganton Gaming Center,Northeast,Casino,2025,4,12,51,649,112,111,15,19529.01,17715.13,2210.86,1813.88,79,1831,5,2705.07,2480.64,1878.61,2523.17,1865.77,132.25
2025-12-21,LOC0008,Lake Victor Gaming Center,Southeast,Bar,2025,4,12,51,406,64,61,9,13188.29,11888.87,2282.07,1299.42,56,1967,4,1379.52,1708.27,1240.67,1445.37,1156.54,85.0
2025-12-21,LOC0009,Coxberg Gaming Center,West,Entertainment Center,2025,4,12,51,282,58,58,8,8724.02,8023.5,1859.62,700.52,41,1385,1,1503.93,1482.78,1262.94,1572.46,1088.7,76.0
2025-12-21,LOC0010,South Patrickmouth Gaming Center,Northeast,Entertainment Center,2025,4,12,51,211,36,36,5,9320.69,8409.66,0.0,911.03,30,716,0,791.43,781.96,669.73,847.91,593.44,43.25
2025-12-28,LOC0001,North Judithbury Gaming Center,Northeast,Casino,2025,4,12,52,175,30,30,10,6051.13,5579.66,0.0,471.47,13,432,1,1096.41,1831.18,1759.79,1697.79,1400.71,89.5
2025-12-28,LOC0002,North Jefferyhaven Gaming Center,Midwest,Bar,2025,4,12,52,138,25,25,9,5687.72,5166.38,0.0,521.34,24,505,1,1212.04,1875.69,1949.47,1739.6,1510.4,99.5
2025-12-28,LOC0003,Lake Roberto Gaming Center,Southeast,Bar,2025,4,12,52,96,17,17,8,2711.95,2448.13,0.0,263.82,21,728,2,1166.89,611.34,1640.77,1312.96,1097.72,70.25
2025-12-28,LOC0004,Lake Stephenville Gaming Center,Northeast,Entertainment Center,2025,4,12,52,73,19,19,9,2972.12,2711.69,0.0,260.43,26,982,2,814.12,1314.2,1470.17,1260.73,1207.28,84.0
2025-12-28,LOC0005,North Donnaport Gaming Center,Northeast,Entertainment Center,2025,4,12,52,48,12,12,4,1348.94,1233.5,0.0,115.44,7,148,0,697.62,481.95,1131.81,681.06,475.85,33.5
2025-12-28,LOC0006,Jasonview Gaming Center,Southwest,Casino,2025,4,12,52,127,25,24,11,6088.06,5300.65,0.0,787.41,14,533,2,1904.28,2229.04,1973.58,2270.0,1753.69,107.0
2025-12-28,LOC0007,Meganton Gaming Center,Northeast,Casino,2025,4,12,52,224,38,38,13,10093.65,9166.76,0.0,926.89,37,579,1,1813.88,2705.07,3028.37,2506.99,2034.64,127.75
2025-12-28,LOC0008,Lake Victor Gaming Center,Southeast,Bar,2025,4,12,52,133,23,22,7,6580.81,6043.45,0.0,537.36,20,799,4,1299.42,1379.52,1453.0,1460.05,1284.29,81.25
2025-12-28,LOC0009,Coxberg Gaming Center,West,Entertainment Center,2025,4,12,52,123,21,21,7,5545.18,5055.67,0.0,489.51,16,362,1,700.52,1503.93,2040.17,1431.85,1126.83,75.0
2025-12-28,LOC0010,South Patrickmouth Gaming Center,Northeast,Entertainment Center,2025,4,12,52,88,16,16,5,2992.02,2693.52,0.0,298.5,5,98,0,911.03,791.43,1148.51,908.23,697.01,42.25
